Key,en,vi,th,ja,es,id,km,ph,bn,zh,hk,tr,fr,ru,ko,fa,pt,es-pe,es-mx,sg,in,au
certificates_block_0,Certification,,การรับรอง,認証,Certificación,,វិញ្ញាបនបត្រ,,সনদপত্র,认证,認證,Sertifikasyon,Attestation,Сертификация,인증,گواهینامه,Certificação,,,,,
certificates_block_1,Awards & <br><span>Recognition</span>,,รางวัล & <br><span>การยอมรับ</span>,受賞歴 & <br><span>評価</span>,Premios & <br><span>Reconocimiento</span>,Penghargaan & <br><span>Pengakuan</span>,ពានរង្វាន់ & <br><span>ការទទួលស្គាល់</span>,Mga Parangal & <br><span>Pagkilala</span>,পুরস্কার & <br><span>স্বীকৃতি</span>,奖项与<br><span>认可</span>,獎項與<br><span>認可</span>,Ödüller & <br><span>Tanınırlık</span>,Prix & <br><span>Reconnaissance</span>,Награды & <br><span>Признание</span>,수상 & <br><span>인정</span>,جوایز و <br><span>قدردانی</span>,Prêmios & <br><span>Reconhecimento</span>,Premios & <br><span>Reconocimiento</span>,,,,
certificates_block_2,Learn more,,เรียนรู้เพิ่มเติม,詳細を見る,Aprender más,Pelajari lebih lanjut,ស្វែងយល់បន្ថែម,Matuto pa,আরও জানুন,查看更多,查看更多,Daha fazla öğren,En savoir plus,Узнать больше,자세히 보기,بیشتر بدانید,Saiba mais,Aprender más,,,,
certificates_block_3,"Clients are provided with a simulated account. Their trading activity on this account is replicated in real-time by our exclusive algorithms to our live firm trading account, generating actual cash flow.",,ผู้ใช้งานจะได้รับบัญชีจำลอง โดยกิจกรรมการเทรดจะถูกสะท้อนแบบเรียลไทม์ผ่านอัลกอริทึมของเราไปยังระบบของบริษัท และอาจก่อให้เกิดกระแสเงินสดจริง,クライアントにはシミュレーション口座が提供されます。この口座での取引活動は当社の独自アルゴリズムによりリアルタイムで反映され、実際のキャッシュフローが発生します。,"Los clientes reciben una cuenta simulada. La actividad de trading en esta cuenta se refleja en tiempo real mediante nuestros algoritmos en el sistema de trading de la empresa, pudiendo generar flujo de efectivo real.",,អ្នកប្រើប្រាស់នឹងទទួលបានគណនីស្មាន។ សកម្មភាពជួញដូរនៅលើគណនីនេះនឹងត្រូវបានបញ្ជូនតាមអាល់ហ្គូរីធម៍របស់យើងទៅកាន់ប្រព័ន្ធរបស់ក្រុមហ៊ុនក្នុងពេលវេលាពិត ហើយអាចបង្កើតលំហូរប្រាក់ពិត។,,ব্যবহারকারীদের একটি সিমুলেটেড অ্যাকাউন্ট প্রদান করা হয়। এই অ্যাকাউন্টের ট্রেডিং কার্যক্রম আমাদের অ্যালগরিদমের মাধ্যমে রিয়েল-টাইমে কোম্পানির সিস্টেমে প্রতিফলিত হয় এবং বাস্তব নগদ প্রবাহ তৈরি করতে পারে।,用户将获得一个模拟账户。该账户上的交易活动会通过我们的专有算法在实时环境中映射至公司的交易系统，并可能产生实际资金流动。,用戶將獲得一個模擬帳戶。該帳戶上的交易活動會透過我們的專有演算法即時映射至公司的系統，並可能產生實際資金流動。,"Kullanıcılara simüle edilmiş bir hesap sağlanır. Bu hesap üzerindeki işlem faaliyetleri, özel algoritmalarımız aracılığıyla gerçek zamanlı olarak şirketin işlem sistemine yansıtılır ve fiili nakit akışı oluşabilir.","Les clients disposent d’un compte simulé. L’activité de trading sur ce compte est reflétée en temps réel via nos algorithmes propriétaires dans le système de trading de la société, pouvant générer des flux de trésorerie réels.",Пользователям предоставляется симулированный счёт. Торговая активность на этом счёте отражается в режиме реального времени с использованием наших алгоритмов в системе компании и может приводить к фактическому денежному потоку.,"사용자에게는 시뮬레이션 계정이 제공됩니다. 해당 계정의 거래 활동은 당사의 알고리즘을 통해 실시간으로 시스템에 반영되며, 실제 현금 흐름이 발생할 수 있습니다.",به کاربران یک حساب شبیه‌سازی‌شده ارائه می‌شود. فعالیت‌های معاملاتی این حساب از طریق الگوریتم‌های ما به‌صورت لحظه‌ای در سیستم شرکت منعکس شده و ممکن است منجر به جریان نقدی واقعی شود.,"Os usuários recebem uma conta simulada. A atividade de trading nessa conta é refletida em tempo real por meio de nossos algoritmos no sistema da empresa, podendo gerar fluxo de caixa real.",,,,,
certificates_block_4,Download Handbook,,ดาวน์โหลดคู่มือ,ハンドブックをダウンロード,Descargar manual,Unduh Buku Panduan,ទាញយកសៀវភៅណែនាំ,I-download ang Handbook,হ্যান্ডবুক ডাউনলোড করুন,下载手册,下載手冊,El Kitabını İndir,Télécharger le guide,Скачать руководство,핸드북 다운로드,دانلود راهنما,Baixar Manual,Manual,,,,
features_block_0,The Features,,คุณสมบัติ,特徴,Características,Fitur,មុខងារ,,বৈশিষ্ট্য,功能特点,功能特點,Özellikler,Fonctionnalités,Особенности,기능,ویژگی‌ها,Recursos,Características,,,,
features_block_1,<h3>Why choose <span>WeMasterTrade</span></h3>,,<h3>ทำไมต้องเลือก <span>WeMasterTrade</span></h3>,"<h2 class=""h3"">なぜ <span>WeMasterTrade</span> が日本で最高のプロップファームなのか</h2>",<h3>¿Por qué elegir <span>WeMasterTrade</span>?</h3>,<h3>Mengapa memilih <span>WeMasterTrade</span></h3>,<h3>ហេតុអ្វីជ្រើសរើស <span>WeMasterTrade</span></h3>,,<h3>কেন <span>WeMasterTrade</span> নির্বাচন করবেন</h3>,<h3>为什么选择 <span>WeMasterTrade</span></h3>,<h3>為什麼選擇 <span>WeMasterTrade</span></h3>,<h3>Neden <span>WeMasterTrade</span> seçmelisiniz</h3>,<h3>Pourquoi choisir <span>WeMasterTrade</span></h3>,<h3>Почему стоит выбрать <span>WeMasterTrade</span></h3>,<h3>왜 <span>WeMasterTrade</span>를 선택해야 할까요</h3>,<h3>چرا <span>WeMasterTrade</span> را انتخاب کنیم</h3>,<h3>Por que escolher <span>WeMasterTrade</span></h3>,"<h2 class=""h3"">¿Por qué elegir <span>WeMasterTrade ?</span></h2>",,,,
features_block_10,"<td>Retry Option</td>
																<td>Reset discount program for retake the challenge phase at a lower cost</td>
																<td>N/A</td>",,"<td>ตัวเลือกการลองใหม่</td>
																<td>โปรแกรมส่วนลดรีเซ็ตเพื่อเข้าร่วม Challenge ใหม่ในต้นทุนที่ต่ำกว่า</td>
																<td>N/A</td>","<td>報酬シェア</td>
																<td>チャレンジフェーズから30%＋ファンデッド後最大90%</td>
																<td>条件達成後すぐに最大90%の報酬シェア</td>","<td>Opción de reintento</td>
																<td>Programa de descuento para reiniciar y repetir la fase Challenge a menor costo</td>
																<td>N/A</td>","<td>Opsi Coba Lagi</td>
																<td>Program diskon reset untuk mengikuti kembali fase challenge dengan biaya lebih rendah</td>
																<td>N/A</td>","<td>ជម្រើសសាកល្បងម្ដងទៀត</td>
																<td>កម្មវិធីបញ្ចុះតម្លៃសម្រាប់កំណត់ឡើងវិញ ដើម្បីចូលរួម Challenge ម្ដងទៀតក្នុងតម្លៃទាប</td>
																<td>N/A</td>",,"<td>পুনরায় চেষ্টা করার অপশন</td>
																<td>কম খরচে Challenge পর্যায় পুনরায় নেওয়ার জন্য রিসেট ডিসকাউন্ট প্রোগ্রাম</td>
																<td>N/A</td>","<td>重试选项</td>
																<td>提供重置折扣计划，以更低成本重新参加挑战阶段</td>
																<td>N/A</td>","<td>重試選項</td>
																<td>提供重置折扣計劃，以更低成本重新參加挑戰階段</td>
																<td>N/A</td>","<td>Tekrar Deneme Seçeneği</td>
																<td>Challenge aşamasını daha düşük maliyetle tekrar almak için reset indirim programı</td>
																<td>N/A</td>","<td>Option de nouvelle tentative</td>
																<td>Programme de remise pour réinitialiser et reprendre la phase Challenge à moindre coût</td>
																<td>N/A</td>","<td>Опция повторной попытки</td>
																<td>Программа скидки для сброса и повторного прохождения этапа Challenge по более низкой стоимости</td>
																<td>N/A</td>","<td>재도전 옵션</td>
																<td>더 낮은 비용으로 챌린지 단계를 다시 시도할 수 있는 리셋 할인 프로그램</td>
																<td>N/A</td>","<td>گزینه تلاش مجدد</td>
																<td>برنامه تخفیف برای ریست و شرکت مجدد در مرحله چالش با هزینه کمتر</td>
																<td>N/A</td>","<td>Opção de nova tentativa</td>
																<td>Programa de desconto para reiniciar e refazer a fase Challenge com menor custo</td>
																<td>N/A</td>","<td>Opción de Reintento</td>
																<td>Programa de descuento Reset para repetir la fase challenge a menor costo</td>
																<td>N/A</td>",,,,
features_block_11,"<td>Best Option For</td><td>Beginners, to get familiar and develop trading skills at the lowest cost</td><td>Experienced traders seeking flexibility and performance-based rewards</td>",,<td>เหมาะสำหรับ</td><td>ผู้เริ่มต้น เพื่อเรียนรู้และพัฒนาทักษะการเทรดด้วยต้นทุนต่ำที่สุด</td><td>เทรดเดอร์ที่มีประสบการณ์ที่ต้องการความยืดหยุ่นและผลตอบแทนตามผลงาน</td>,<td>再挑戦オプション</td><td>30%割引でチャレンジフェーズを再受験可能</td><td>N/A</td>,<td>Mejor Opción Para</td><td>Principiantes que desean familiarizarse y desarrollar habilidades de trading al menor costo</td><td>Traders experimentados que buscan flexibilidad y recompensas basadas en el rendimiento</td>,,<td>ជម្រើសល្អបំផុតសម្រាប់</td><td>អ្នកចាប់ផ្តើម ដើម្បីស្គាល់ និងអភិវឌ្ឍជំនាញជួញដូរជាមួយចំណាយទាបបំផុត</td><td>អ្នកជួញដូរដែលមានបទពិសោធន៍ ស្វែងរកភាពបត់បែន និងរង្វាន់ផ្អែកលើលទ្ធផល</td>,,"<td>সর্বোত্তম জন্য</td><td>শিক্ষানবিসদের জন্য, কম খরচে ট্রেডিং শেখা এবং দক্ষতা উন্নয়ন</td><td>অভিজ্ঞ ট্রেডার যারা নমনীয়তা এবং পারফরম্যান্স-ভিত্তিক রিওয়ার্ড খুঁজছেন</td>",<td>适合人群</td><td>初学者，以最低成本熟悉并提升交易技能</td><td>寻求灵活性和绩效奖励的资深交易者</td>,<td>最適合</td><td>初學者：以最低成本熟悉並提升交易技能</td><td>尋求靈活性和績效獎勵的資深交易者</td>,"<td>En Uygun Seçenek</td><td>Yeni başlayanlar için, en düşük maliyetle alışmak ve işlem becerilerini geliştirmek</td><td>Esneklik ve performansa dayalı ödüller arayan deneyimli traderlar</td>",<td>Idéal Pour</td><td>Débutants souhaitant se familiariser et développer leurs compétences de trading à moindre coût</td><td>Traders expérimentés recherchant flexibilité et récompenses basées sur la performance</td>,"<td>Лучший вариант для</td><td>Новичков — для знакомства и развития торговых навыков с минимальными затратами</td><td>Опытных трейдеров, ищущих гибкость и вознаграждение на основе результатов</td>",<td>추천 대상</td><td>초보자: 낮은 비용으로 트레이딩에 익숙해지고 실력을 키우려는 사용자</td><td>유연성과 성과 기반 리워드를 원하는 경험 많은 트레이더</td>,<td>بهترین گزینه برای</td><td>مبتدیان، برای آشنایی و توسعه مهارت‌های معاملاتی با کمترین هزینه</td><td>معامله‌گران باتجربه که به دنبال انعطاف‌پذیری و پاداش مبتنی بر عملکرد هستند</td>,"<td>Melhor Para</td><td>Iniciantes, para se familiarizar e desenvolver habilidades de trading com o menor custo</td><td>Traders experientes que buscam flexibilidade e recompensas baseadas em desempenho</td>",,,,,
features_block_12,,,,"<tr>
									        <td>おすすめ対象</td>
									        <td>最低コストでスキルを磨きたい初心者のプロップトレーダー</td>
									        <td>即時資金提供と柔軟性を求める経験豊富なトレーダー</td>
									    </tr>",,,,,,,,,,,,,,,,,,
features_block_13,Challenge,,,チャレンジ,,,,,চ্যালেঞ্জ,挑战,挑戰,,,,챌린지,چالش,,,,,,
features_block_14,Instant,,,インスタント,,,,,ইনস্ট্যান্ট,即时,即時,,,Мгновенно,인스턴트,فوری,,,,,,
features_block_15,"<dt>Target Audience</dt>
																		<dd>Customers new to Prop Firms or Derivatives Markets</dd>",,"<dt>กลุ่มเป้าหมาย</dt>
																		<dd>ลูกค้าที่เพิ่งเริ่มต้นกับ Prop Firm หรือ ตลาดอนุพันธ์</dd>","<dt>対象ユーザー</dt>
																		<dd>プロップトレーディングやデリバティブ市場に初めて参加する日本のトレーダー</dd>","<dt>Público objetivo</dt>
																		<dd>Clientes nuevos en Prop Firms o en los mercados de derivados</dd>","<dt>Target Audiens</dt>
																		<dd>Pelanggan baru di Prop Firm atau pasar derivatif</dd>","<dt>ក្រុមគោលដៅ</dt>
																		<dd>អតិថិជនថ្មីក្នុង Prop Firm ឬទីផ្សារដេរីវេ</dd>",,"<dt>লক্ষ্য গ্রাহক</dt>
																		<dd>Prop Firm বা ডেরিভেটিভ মার্কেটে নতুন গ্রাহক</dd>","<dt>目标受众</dt>
																		<dd>刚接触 Prop Firm 或衍生品市场的客户</dd>","<dt>目標受眾</dt>
																		<dd>剛接觸 Prop Firm 或衍生品市場的客戶</dd>","<dt>Hedef Kitle</dt>
																		<dd>Prop firm veya türev piyasalarına yeni giren müşteriler</dd>","<dt>Public cible</dt>
																		<dd>Clients nouveaux dans les prop firms ou les marchés dérivés</dd>","<dt>Целевая аудитория</dt>
																		<dd>Клиенты, новые в Prop Firm или на рынках деривативов</dd>","<dt>대상 사용자</dt>
																		<dd>Prop Firm 또는 파생상품 시장에 처음 참여하는 고객</dd>","<dt>گروه هدف</dt>
																		<dd>مشتریانی که تازه وارد Prop Firm یا بازارهای مشتقه شده‌اند</dd>","<dt>Público-alvo</dt>
																		<dd>Clientes novos em Prop Firms ou mercados de derivativos</dd>","<dt>Público Objetivo</dt>
																		<dd>Clientes nuevos en Prop Trading o mercados de derivados</dd>",,,,
features_block_16,"<dt>Fee Structure</dt>
																		<dd>Low fees, perfect for beginners and suitable for all levels</dd>",,"<dt>โครงสร้างค่าธรรมเนียม</dt>
																		<dd>ค่าธรรมเนียมต่ำ เหมาะสำหรับผู้เริ่มต้นและเหมาะกับทุกระดับ</dd>","<dt>料金体系</dt>
																		<dd>低料金で初心者・全レベルのトレーダーに最適</dd>","<dt>Estructura de tarifas</dt>
																		<dd>Tarifas bajas, perfectas para principiantes y adecuadas para todos los niveles</dd>","<dt>Struktur Biaya</dt>
																		<dd>Biaya rendah, cocok untuk pemula dan semua tingkat trader</dd>","<dt>រចនាសម្ព័ន្ធថ្លៃសេវា</dt>
																		<dd>ថ្លៃសេវាទាប សាកសមសម្រាប់អ្នកចាប់ផ្តើម និងគ្រប់កម្រិត</dd>",,"<dt>ফি কাঠামো</dt>
																		<dd>কম ফি, নতুনদের জন্য উপযুক্ত এবং সব স্তরের জন্য মানানসই</dd>","<dt>费用结构</dt>
																		<dd>低费用，非常适合初学者并适用于所有水平</dd>","<dt>費用結構</dt>
																		<dd>低費用，非常適合初學者並適用於所有水平</dd>","<dt>Ücret Yapısı</dt>
																		<dd>Düşük ücretler, yeni başlayanlar için ideal ve tüm seviyelere uygun</dd>","<dt>Structure des frais</dt>
																		<dd>Frais faibles, parfaits pour les débutants et adaptés à tous les niveaux</dd>","<dt>Структура комиссий</dt>
																		<dd>Низкие комиссии, идеально для новичков и подходит для всех уровней</dd>","<dt>수수료 구조</dt>
																		<dd>낮은 수수료로 초보자에게 적합하며 모든 수준에 적합</dd>","<dt>ساختار کارمزد</dt>
																		<dd>کارمزد پایین، مناسب برای مبتدیان و تمام سطوح</dd>","<dt>Estrutura de taxas</dt>
																		<dd>Taxas baixas, perfeitas para iniciantes e adequadas para todos os níveis</dd>","<dt>Estructura de Fees</dt>
																		<dd>Fees bajos, ideal para principiantes y adecuado para todos los niveles</dd>",,,,
features_block_17,"<dt>Process</dt>
																		<dd>Simple 2-phase process, easy for customers to get familiar</dd>",,"<dt>กระบวนการ</dt>
																		<dd>กระบวนการ 2 ขั้นตอนที่เรียบง่าย ลูกค้าสามารถทำความคุ้นเคยได้ง่าย</dd>","<dt>プロセス</dt>
																		<dd>シンプルな2フェーズ評価、プロップトレーディングに慣れやすい</dd>","<dt>Proceso</dt>
																		<dd>Proceso simple de 2 fases, fácil para que los clientes se familiaricen</dd>","<dt>Proses</dt>
																		<dd>Proses sederhana 2 tahap, mudah dipahami oleh pelanggan</dd>","<dt>ដំណើរការ</dt>
																		<dd>ដំណើរការ 2 ដំណាក់កាលសាមញ្ញ ងាយស្រួលសម្រាប់អតិថិជនក្នុងការស្គាល់</dd>",,"<dt>প্রক্রিয়া</dt>
																		<dd>সহজ ২-ধাপের প্রক্রিয়া, গ্রাহকদের জন্য সহজে পরিচিত হওয়া যায়</dd>","<dt>流程</dt>
																		<dd>简单的两阶段流程，方便客户快速熟悉</dd>","<dt>流程</dt>
																		<dd>簡單的兩階段流程，方便客戶快速熟悉</dd>","<dt>Süreç</dt>
																		<dd>Müşterilerin kolayca alışabileceği basit 2 aşamalı süreç</dd>","<dt>Processus</dt>
																		<dd>Processus simple en 2 phases, facile à prendre en main pour les clients</dd>","<dt>Процесс</dt>
																		<dd>Простой двухэтапный процесс, легко освоить клиентам</dd>","<dt>프로세스</dt>
																		<dd>고객이 쉽게 익숙해질 수 있는 간단한 2단계 과정</dd>","<dt>فرآیند</dt>
																		<dd>فرآیند ساده دو مرحله‌ای که مشتریان به راحتی با آن آشنا می‌شوند</dd>","<dt>Processo</dt>
																		<dd>Processo simples de 2 fases, fácil para os clientes se familiarizarem</dd>","<dt>Proceso</dt>
																		<dd>Proceso simple en 2 fases, fácil de entender</dd>",,,,
features_block_18,"<dt>Account Type</dt>
																		<dd>Accounts for all asset types</dd>",,"<dt>ประเภทบัญชี</dt>
																		<dd>บัญชีสำหรับสินทรัพย์ทุกประเภท</dd>","<dt>アカウントタイプ</dt>
																		<dd>全資産タイプ対応のマルチアセットアカウント</dd>","<dt>Tipo de cuenta</dt>
																		<dd>Cuentas para todo tipo de activos</dd>","<dt>Jenis Akun</dt>
																		<dd>Akun untuk semua jenis aset</dd>","<dt>ប្រភេទគណនី</dt>
																		<dd>គណនីសម្រាប់ប្រភេទទ្រព្យសម្បត្តិទាំងអស់</dd>",,"<dt>অ্যাকাউন্টের ধরন</dt>
																		<dd>সব ধরনের সম্পদের জন্য অ্যাকাউন্ট</dd>","<dt>账户类型</dt>
																		<dd>适用于所有资产类型的账户</dd>","<dt>帳戶類型</dt>
																		<dd>適用於所有資產類型的帳戶</dd>","<dt>Hesap Türü</dt>
																		<dd>Tüm varlık türleri için hesaplar</dd>","<dt>Type de compte</dt>
																		<dd>Comptes pour tous les types d’actifs</dd>","<dt>Тип счета</dt>
																		<dd>Счета для всех типов активов</dd>","<dt>계정 유형</dt>
																		<dd>모든 자산 유형을 위한 계정</dd>","<dt>نوع حساب</dt>
																		<dd>حساب برای همه انواع دارایی‌ها</dd>","<dt>Tipo de conta</dt>
																		<dd>Contas para todos os tipos de ativos</dd>","<dt>Tipo de Cuenta</dt>
																		<dd>Cuentas para múltiples tipos de activos</dd>",,,,
features_block_19,"<dt>Trading Flexibility</dt>
																		<dd>No limit on news, swing, or scalp trading, no contract size limits</dd>",,"<dt>ความยืดหยุ่นในการเทรด</dt>
																		<dd>ไม่มีข้อจำกัดสำหรับการเทรดข่าว สวิง หรือสแคลป์ และไม่มีข้อจำกัดขนาดสัญญา</dd>","<dt>取引の柔軟性</dt>
																		<dd>ニュース・スイング・スキャルプ取引無制限、ロットサイズ制限なし</dd>","<dt>Flexibilidad de trading</dt>
																		<dd>Sin límites para trading de noticias, swing o scalp, sin límite de tamaño de contrato</dd>","<dt>Fleksibilitas Trading</dt>
																		<dd>Tidak ada batasan untuk trading news, swing, atau scalp, tanpa batas ukuran kontrak</dd>","<dt>ភាពបត់បែនក្នុងការជួញដូរ</dt>
																		<dd>គ្មានដែនកំណត់សម្រាប់ការជួញដូរព័ត៌មាន Swing ឬ Scalp និងគ្មានដែនកំណត់ទំហំកុងត្រា</dd>",,"<dt>ট্রেডিং নমনীয়তা</dt>
																		<dd>নিউজ, সুইং বা স্ক্যাল্প ট্রেডিংয়ে কোনো সীমা নেই, কন্ট্রাক্ট সাইজেরও সীমা নেই</dd>","<dt>交易灵活性</dt>
																		<dd>新闻交易、波段交易或剥头皮交易均无限制，也没有合约规模限制</dd>","<dt>交易靈活性</dt>
																		<dd>新聞交易、波段或剝頭皮交易均無限制，也沒有合約規模限制</dd>","<dt>İşlem Esnekliği</dt>
																		<dd>Haber, swing veya scalp işlemlerinde sınır yok, kontrat büyüklüğü limiti yok</dd>","<dt>Flexibilité de trading</dt>
																		<dd>Aucune limite pour le trading sur news, swing ou scalp, aucune limite de taille de contrat</dd>","<dt>Гибкость торговли</dt>
																		<dd>Без ограничений на торговлю по новостям, свинг или скальпинг, без ограничений размера контракта</dd>","<dt>거래 유연성</dt>
																		<dd>뉴스, 스윙, 스캘핑 거래에 제한 없음, 계약 규모 제한 없음</dd>","<dt>انعطاف‌پذیری در معامله</dt>
																		<dd>بدون محدودیت برای معامله در اخبار، سوئینگ یا اسکالپ و بدون محدودیت اندازه قرارداد</dd>","<dt>Flexibilidade de trading</dt>
																		<dd>Sem limite para trading de notícias, swing ou scalp, sem limite de tamanho de contrato</dd>","<dt>Flexibilidad de Trading</dt>
																		<dd>Sin límites en news, swing o scalp trading, sin restricciones de tamaño de contrato</dd>",,,,
features_block_2,,,,WeMasterTrade を際立たせる機能をご覧ください,,,,,,,,,,,,,,,,,,
features_block_20,<dt>Performance-based Rewards Sharing</dt><dd>Reward sharing from the challenge phase and 90% rate after funding</dd>,,<dt>การแบ่งผลตอบแทนตามผลงาน</dt><dd>เริ่มแบ่งผลตอบแทนตั้งแต่ช่วง Challenge และสูงสุดถึง 90% หลังได้รับเงินทุน</dd>,<dt>報酬シェア</dt><dd>チャレンジフェーズから30%＋ファンデッド後最大90%</dd>,<dt>Reparto de Recompensas basadas en el Rendimiento</dt><dd>Reparto desde la fase de desafío y hasta el 90% después de financiación</dd>,,<dt>ការចែករំលែករង្វាន់ផ្អែកលើលទ្ធផល</dt><dd>ចាប់ផ្តើមចែករំលែកនៅវគ្គ Challenge ហើយអាចដល់ 90% បន្ទាប់ពីទទួលទុន</dd>,,<dt>পারফরম্যান্স-ভিত্তিক রিওয়ার্ড শেয়ারিং</dt><dd>চ্যালেঞ্জ পর্যায় থেকেই রিওয়ার্ড শেয়ারিং এবং ফান্ডিং-এর পর সর্বোচ্চ ৯০%</dd>,<dt>绩效奖励分成</dt><dd>从挑战阶段开始分成，资金阶段后最高可达 90%</dd>,<dt>績效獎勵分成</dt><dd>從挑戰階段開始分成，資金階段後最高可達90%</dd>,"<dt>Performansa Dayalı Ödül Paylaşımı</dt><dd>Challenge aşamasından itibaren ödül paylaşımı, fonlama sonrası %90'a kadar</dd>",<dt>Partage de Récompenses Basées sur la Performance</dt><dd>Partage dès la phase de challenge et jusqu’à 90 % après financement</dd>,<dt>Распределение вознаграждений по результатам</dt><dd>Распределение с этапа Challenge и до 90% после финансирования</dd>,"<dt>성과 기반 리워드 분배</dt><dd>챌린지 단계부터 분배되며, 펀딩 이후 최대 90%</dd>",<dt>تقسیم پاداش مبتنی بر عملکرد</dt><dd>از مرحله چالش آغاز شده و پس از تأمین سرمایه تا ۹۰٪ می‌رسد</dd>,<dt>Compartilhamento de Recompensas Baseadas em Desempenho</dt><dd>Compartilhamento desde a fase de desafio e até 90% após o financiamento</dd>,,,,,
features_block_21,"<dt>Retry Option</dt>
																		<dd>Reset discount program for retake the challenge phase at a lower cost</dd>",,"<dt>ตัวเลือกการลองใหม่</dt>
																		<dd>โปรแกรมส่วนลดรีเซ็ตเพื่อเข้าร่วม Challenge ใหม่ในต้นทุนที่ต่ำกว่า</dd>","<dt>再挑戦オプション</dt>
																		<dd>30%割引でチャレンジフェーズを再受験可能</dd>","<dt>Opción de reintento</dt>
																		<dd>Programa de descuento para reiniciar y repetir la fase Challenge a menor costo</dd>","<dt>Opsi Coba Lagi</dt>
																		<dd>Program diskon reset untuk mengikuti kembali fase challenge dengan biaya lebih rendah</dd>","<dt>ជម្រើសសាកល្បងម្ដងទៀត</dt>
																		<dd>កម្មវិធីបញ្ចុះតម្លៃសម្រាប់កំណត់ឡើងវិញ ដើម្បីចូលរួម Challenge ម្ដងទៀតក្នុងតម្លៃទាប</dd>",,"<dt>পুনরায় চেষ্টা করার অপশন</dt>
																		<dd>কম খরচে Challenge পর্যায় পুনরায় নেওয়ার জন্য রিসেট ডিসকাউন্ট প্রোগ্রাম</dd>","<dt>重试选项</dt>
																		<dd>提供重置折扣计划，以更低成本重新参加挑战阶段</dd>","<dt>重試選項</dt>
																		<dd>提供重置折扣計劃，以更低成本重新參加挑戰階段</dd>","<dt>Tekrar Deneme Seçeneği</dt>
																		<dd>Challenge aşamasını daha düşük maliyetle tekrar almak için reset indirim programı</dd>","<dt>Option de nouvelle tentative</dt>
																		<dd>Programme de remise pour réinitialiser et reprendre la phase Challenge à moindre coût</dd>","<dt>Опция повторной попытки</dt>
																		<dd>Программа скидки для сброса и повторного прохождения этапа Challenge по более низкой стоимости</dd>","<dt>재도전 옵션</dt>
																		<dd>더 낮은 비용으로 챌린지 단계를 다시 시도할 수 있는 리셋 할인 프로그램</dd>","<dt>گزینه تلاش مجدد</dt>
																		<dd>برنامه تخفیف برای ریست و شرکت مجدد در مرحله چالش با هزینه کمتر</dd>","<dt>Opção de nova tentativa</dt>
																		<dd>Programa de desconto para reiniciar e refazer a fase Challenge com menor custo</dd>","<dt>Opción de Reintento</dt>
																		<dd>Programa de descuento Reset para repetir la fase challenge a menor costo</dd>",,,,
features_block_22,"<dt>Best Option For</dt>
																		<dd>Beginners, to get familiar and develop trading skills at the lowest cost</dd>",,"<dt>ตัวเลือกที่เหมาะที่สุดสำหรับ</dt>
																		<dd>ผู้เริ่มต้น เพื่อทำความคุ้นเคยและพัฒนาทักษะการเทรดด้วยต้นทุนต่ำที่สุด</dd>","<dt>おすすめ対象</dt>
																		<dd>最低コストでスキルを磨きたい初心者のプロップトレーダー</dd>","<dt>Mejor opción para</dt>
																		<dd>Principiantes, para familiarizarse y desarrollar habilidades de trading al menor costo</dd>","<dt>Pilihan Terbaik Untuk</dt>
																		<dd>Pemula, untuk mengenal dan mengembangkan keterampilan trading dengan biaya terendah</dd>","<dt>ជម្រើសល្អបំផុតសម្រាប់</dt>
																		<dd>អ្នកចាប់ផ្តើម ដើម្បីស្គាល់ និងអភិវឌ្ឍជំនាញជួញដូរដោយចំណាយទាបបំផុត</dd>",,"<dt>সবচেয়ে উপযুক্ত</dt>
																		<dd>নতুনদের জন্য, কম খরচে ট্রেডিং দক্ষতা শেখা ও উন্নয়নের জন্য</dd>","<dt>最佳选择</dt>
																		<dd>适合初学者，以最低成本熟悉并提升交易技能</dd>","<dt>最佳選擇</dt>
																		<dd>適合初學者，以最低成本熟悉並提升交易技能</dd>","<dt>En Uygun Seçenek</dt>
																		<dd>Yeni başlayanlar için, en düşük maliyetle trading becerilerini öğrenmek ve geliştirmek</dd>","<dt>Meilleure option pour</dt>
																		<dd>Les débutants, pour se familiariser et développer leurs compétences de trading à moindre coût</dd>","<dt>Лучший вариант для</dt>
																		<dd>Новичков, чтобы познакомиться и развить навыки торговли с минимальными затратами</dd>","<dt>추천 대상</dt>
																		<dd>초보자에게 적합, 가장 낮은 비용으로 거래에 익숙해지고 실력을 향상</dd>","<dt>بهترین گزینه برای</dt>
																		<dd>مبتدیان برای آشنایی و توسعه مهارت‌های معامله با کمترین هزینه</dd>","<dt>Melhor opção para</dt>
																		<dd>Iniciantes, para se familiarizar e desenvolver habilidades de trading com o menor custo</dd>","<dt>Mejor Opción Para</dt>
																		<dd>Principiantes que buscan desarrollar habilidades al menor costo</dd>",,,,
features_block_23,"<dt>Target Audience</dt>
																		<dd>Experienced traders looking for a quick solution</dd>",,"<dt>กลุ่มเป้าหมาย</dt>
																		<dd>เทรดเดอร์ที่มีประสบการณ์และกำลังมองหาโซลูชันที่รวดเร็ว</dd>","<dt>対象ユーザー</dt>
																		<dd>迅速なソリューションを求める経験豊富なプロップトレーダー</dd>",,"<dt>Target Audiens</dt>
																		<dd>Trader berpengalaman yang mencari solusi cepat</dd>","<dt>ក្រុមគោលដៅ</dt>
																		<dd>អ្នកជួញដូរដែលមានបទពិសោធន៍ និងកំពុងស្វែងរកដំណោះស្រាយលឿន</dd>",,"<dt>লক্ষ্য গ্রাহক</dt>
																		<dd>দ্রুত সমাধান খুঁজছেন এমন অভিজ্ঞ ট্রেডার</dd>","<dt>目标受众</dt>
																		<dd>寻求快速解决方案的经验交易者</dd>","<dt>目標受眾</dt>
																		<dd>尋求快速方案的資深交易者</dd>","<dt>Hedef Kitle</dt>
																		<dd>Hızlı bir çözüm arayan deneyimli traderlar</dd>","<dt>Public cible</dt>
																		<dd>Traders expérimentés recherchant une solution rapide</dd>","<dt>Целевая аудитория</dt>
																		<dd>Опытные трейдеры, ищущие быстрое решение</dd>","<dt>대상 사용자</dt>
																		<dd>빠른 솔루션을 찾는 경험 많은 트레이더</dd>","<dt>گروه هدف</dt>
																		<dd>معامله‌گران باتجربه که به دنبال راه‌حل سریع هستند</dd>","<dt>Público-alvo</dt>
																		<dd>Traders experientes procurando uma solução rápida</dd>","<dt>Público Objetivo</dt>
																		<dd>Traders experimentados que buscan una solución rápida</dd>",,,,
features_block_24,"<dt>Fee Structure</dt>
																		<dd>Reasonable fees, suitable for professional traders</dd>",,"<dt>โครงสร้างค่าธรรมเนียม</dt>
																		<dd>ค่าธรรมเนียมสมเหตุสมผล เหมาะสำหรับเทรดเดอร์มืออาชีพ</dd>","<dt>料金体系</dt>
																		<dd>合理的な料金で、プロのプロップトレーダー向け</dd>",,"<dt>Struktur Biaya</dt>
																		<dd>Biaya wajar, cocok untuk trader profesional</dd>","<dt>រចនាសម្ព័ន្ធថ្លៃសេវា</dt>
																		<dd>ថ្លៃសេវាសមរម្យ សាកសមសម្រាប់អ្នកជួញដូរអាជីព</dd>",,"<dt>ফি কাঠামো</dt>
																		<dd>যৌক্তিক ফি, পেশাদার ট্রেডারদের জন্য উপযুক্ত</dd>","<dt>费用结构</dt>
																		<dd>合理费用，适合专业交易者</dd>","<dt>費用結構</dt>
																		<dd>合理費用，適合專業交易者</dd>","<dt>Ücret Yapısı</dt>
																		<dd>Makul ücretler, profesyonel traderlar için uygun</dd>","<dt>Structure des frais</dt>
																		<dd>Frais raisonnables, adaptés aux traders professionnels</dd>","<dt>Структура комиссий</dt>
																		<dd>Разумные комиссии, подходят для профессиональных трейдеров</dd>","<dt>수수료 구조</dt>
																		<dd>합리적인 수수료로 전문 트레이더에게 적합</dd>","<dt>ساختار کارمزد</dt>
																		<dd>کارمزد معقول، مناسب برای معامله‌گران حرفه‌ای</dd>","<dt>Estrutura de taxas</dt>
																		<dd>Taxas razoáveis, adequadas para traders profissionais</dd>","<dt>Estructura de Fees</dt>
																		<dd>Fees razonables, pensados para traders profesionales</dd>",,,,
features_block_25,"<dt>Process</dt><dd>Immediate funding, no need for challenge phase</dd>",,<dt>กระบวนการ</dt><dd>รับเงินทุนทันที ไม่ต้องมีช่วง Challenge</dd>,<dt>プロセス</dt><dd>チャレンジフェーズ不要、即時ファンデッドアカウント</dd>,"<dt>Proceso</dt><dd>Financiación inmediata, sin fase de desafío</dd>",,<dt>ដំណើរការ</dt><dd>ផ្តល់ទុនភ្លាមៗ មិនចាំបាច់មានវគ្គ Challenge</dd>,,"<dt>প্রক্রিয়া</dt><dd>তাৎক্ষণিক ফান্ডিং, কোনো চ্যালেঞ্জ ধাপ নেই</dd>",<dt>流程</dt><dd>即时提供资金，无需挑战阶段</dd>,<dt>流程</dt><dd>即時提供資金，無需挑戰階段</dd>,"<dt>Süreç</dt><dd>Anında fonlama, challenge aşamasına gerek yok</dd>","<dt>Processus</dt><dd>Financement immédiat, sans phase de challenge</dd>","<dt>Процесс</dt><dd>Мгновенное финансирование, без этапа Challenge</dd>","<dt>프로세스</dt><dd>즉시 자금 제공, 챌린지 단계 없음</dd>",<dt>فرآیند</dt><dd>تأمین سرمایه فوری، بدون نیاز به مرحله چالش</dd>,"<dt>Processo</dt><dd>Financiamento imediato, sem necessidade de fase de desafio</dd>",,,,,
features_block_26,<dt>Account Type</dt><dd>Focused on one specific asset type to optimize performance-based rewards</dd>,,<dt>ประเภทบัญชี</dt><dd>มุ่งเน้นสินทรัพย์ประเภทเดียวเพื่อเพิ่มประสิทธิภาพผลตอบแทนตามผลงาน</dd>,<dt>アカウントタイプ</dt><dd>特定資産に特化したアカウント</dd>,<dt>Tipo de Cuenta</dt><dd>Enfocado en un solo tipo de activo para optimizar las recompensas basadas en el rendimiento</dd>,,<dt>ប្រភេទគណនី</dt><dd>ផ្តោតលើប្រភេទទ្រព្យសម្បត្តិមួយ ដើម្បីបង្កើនប្រសិទ្ធភាពរង្វាន់ផ្អែកលើលទ្ធផល</dd>,,<dt>অ্যাকাউন্টের ধরন</dt><dd>পারফরম্যান্স-ভিত্তিক রিওয়ার্ড অপ্টিমাইজ করার জন্য একটি নির্দিষ্ট অ্যাসেট টাইপে ফোকাস করা হয়</dd>,<dt>账户类型</dt><dd>专注于单一资产类型，以优化绩效奖励</dd>,<dt>帳戶類型</dt><dd>專注於單一資產類型，以優化績效獎勵</dd>,<dt>Hesap Türü</dt><dd>Performansa dayalı ödülleri optimize etmek için tek bir varlık türüne odaklanır</dd>,<dt>Type de Compte</dt><dd>Axé sur un seul type d’actif afin d’optimiser les récompenses basées sur la performance</dd>,"<dt>Тип Счёта</dt><dd>Сосредоточен на одном типе актива для оптимизации вознаграждений, основанных на результатах</dd>",<dt>계정 유형</dt><dd>성과 기반 리워드를 최적화하기 위해 특정 자산 유형에 집중합니다</dd>,<dt>نوع حساب</dt><dd>متمرکز بر یک نوع دارایی خاص برای بهینه‌سازی پاداش مبتنی بر عملکرد</dd>,<dt>Tipo de Conta</dt><dd>Focado em um tipo específico de ativo para otimizar recompensas baseadas em desempenho</dd>,,,,,
features_block_27,"<dt>Trading Flexibility</dt>
																		<dd>No limit on news, swing, or scalp trading, no contract size limits</dd>",,"<dt>ความยืดหยุ่นในการเทรด</dt>
																		<dd>ไม่มีข้อจำกัดสำหรับการเทรดข่าว สวิง หรือสแคลป์ และไม่มีข้อจำกัดขนาดสัญญา</dd>","<dt>取引の柔軟性</dt>
																		<dd>ニュース・スイング・スキャルプ取引無制限、ロットサイズ制限なし</dd>",,"<dt>Fleksibilitas Trading</dt>
																		<dd>Tidak ada batasan untuk trading news, swing, atau scalp, tanpa batas ukuran kontrak</dd>","<dt>ភាពបត់បែនក្នុងការជួញដូរ</dt>
																		<dd>គ្មានដែនកំណត់សម្រាប់ការជួញដូរព័ត៌មាន Swing ឬ Scalp និងគ្មានដែនកំណត់ទំហំកុងត្រា</dd>",,"<dt>ট্রেডিং নমনীয়তা</dt>
																		<dd>নিউজ, সুইং বা স্ক্যাল্প ট্রেডিংয়ে কোনো সীমা নেই, কন্ট্রাক্ট সাইজেরও সীমা নেই</dd>","<dt>交易灵活性</dt>
																		<dd>新闻交易、波段交易或剥头皮交易均无限制，也没有合约规模限制</dd>","<dt>交易靈活性</dt>
																		<dd>新聞交易、波段或剝頭皮交易均無限制，也沒有合約規模限制</dd>","<dt>İşlem Esnekliği</dt>
																		<dd>Haber, swing veya scalp işlemlerinde sınır yok, kontrat büyüklüğü limiti yok</dd>","<dt>Flexibilité de trading</dt>
																		<dd>Aucune limite pour le trading sur news, swing ou scalp, aucune limite de taille de contrat</dd>","<dt>Гибкость торговли</dt>
																		<dd>Без ограничений на торговлю по новостям, свинг или скальпинг, без ограничений размера контракта</dd>","<dt>거래 유연성</dt>
																		<dd>뉴스, 스윙, 스캘핑 거래에 제한 없음, 계약 규모 제한 없음</dd>","<dt>انعطاف‌پذیری در معامله</dt>
																		<dd>بدون محدودیت برای معامله در اخبار، سوئینگ یا اسکالپ و بدون محدودیت اندازه قرارداد</dd>","<dt>Flexibilidade de trading</dt>
																		<dd>Sem limite para trading de notícias, swing ou scalp, sem limite de tamanho de contrato</dd>","<dt>Flexibilidad de Trading</dt>
																		<dd>Sin límites en news, swing o scalp trading, sin restricciones de tamaño de contrato</dd>",,,,
features_block_28,<dt>Performance-based Rewards Sharing</dt><dd>Reward sharing up to 90% as soon as the account meets conditions</dd>,,<dt>การแบ่งผลตอบแทนตามผลงาน</dt><dd>สามารถรับผลตอบแทนสูงสุดถึง 90% ทันทีเมื่อครบเงื่อนไข</dd>,<dt>報酬シェア</dt><dd>条件達成後すぐに最大90%の報酬シェア</dd>,<dt>Reparto de Recompensas basadas en el Rendimiento</dt><dd>Hasta un 90% de reparto en cuanto se cumplan las condiciones</dd>,,<dt>ការចែករំលែករង្វាន់ផ្អែកលើលទ្ធផល</dt><dd>អាចទទួលបានរហូតដល់ 90% ភ្លាមៗនៅពេលបំពេញលក្ខខណ្ឌ</dd>,,<dt>পারফরম্যান্স-ভিত্তিক রিওয়ার্ড শেয়ারিং</dt><dd>শর্ত পূরণ হলেই সর্বোচ্চ ৯০% রিওয়ার্ড শেয়ারিং</dd>,<dt>绩效奖励分成</dt><dd>账户满足条件后即可获得最高 90% 的奖励分成</dd>,<dt>績效獎勵分成</dt><dd>達成條件後即可獲得最高90%的獎勵分成</dd>,<dt>Performansa Dayalı Ödül Paylaşımı</dt><dd>Koşullar sağlandığında hemen %90'a kadar ödül paylaşımı</dd>,<dt>Partage de Récompenses Basées sur la Performance</dt><dd>Jusqu’à 90 % de partage dès que les conditions sont remplies</dd>,<dt>Распределение вознаграждений по результатам</dt><dd>До 90% распределения сразу после выполнения условий</dd>,<dt>성과 기반 리워드 분배</dt><dd>조건 충족 시 즉시 최대 90%까지 분배</dd>,<dt>تقسیم پاداش مبتنی بر عملکرد</dt><dd>با تحقق شرایط، تا ۹۰٪ پاداش قابل دریافت است</dd>,<dt>Compartilhamento de Recompensas Baseadas em Desempenho</dt><dd>Até 90% de compartilhamento assim que as condições forem atendidas</dd>,,,,,
features_block_29,"<dt>Retry Option</dt>
																		<dd>N/A</dd>",,"<dt>ตัวเลือกการลองใหม่</dt>
																		<dd>N/A</dd>","<dt>再挑戦オプション</dt>
																		<dd>N/A</dd>",,"<dt>Opsi Coba Lagi</dt>
																		<dd>N/A</dd>","<dt>ជម្រើសសាកល្បងម្ដងទៀត</dt>
																		<dd>N/A</dd>",,"<dt>পুনরায় চেষ্টা করার অপশন</dt>
																		<dd>N/A</dd>","<dt>重试选项</dt>
																		<dd>N/A</dd>","<dt>重試選項</dt>
																		<dd>N/A</dd>","<dt>Tekrar Deneme Seçeneği</dt>
																		<dd>N/A</dd>","<dt>Option de nouvelle tentative</dt>
																		<dd>N/A</dd>","<dt>Опция повторной попытки</dt>
																		<dd>N/A</dd>","<dt>재도전 옵션</dt>
																		<dd>N/A</dd>","<dt>گزینه تلاش مجدد</dt>
																		<dd>N/A</dd>","<dt>Opção de nova tentativa</dt>
																		<dd>N/A</dd>","<dt>Opción de Reintento</dt>
																		<dd>N/A</dd>",,,,
features_block_3,Explore the features that make WeMasterTrade stand out.,,สำรวจคุณสมบัติที่ทำให้ WeMasterTrade โดดเด่น,WeMasterTradeを際立たせる機能をご確認ください。日本のプロップトレーダーに最適なプランをお選びください。,Explora las características que hacen destacar a WeMasterTrade,Jelajahi fitur yang membuat WeMasterTrade menonjol,ស្វែងយល់ពីមុខងារដែលធ្វើឲ្យ WeMasterTrade លេចធ្លោ,,যে বৈশিষ্ট্যগুলো WeMasterTrade-কে আলাদা করে তোলে সেগুলো অন্বেষণ করুন,探索使 WeMasterTrade 脱颖而出的功能,探索使 WeMasterTrade 脫穎而出的功能,WeMasterTrade’i öne çıkaran özellikleri keşfedin,Découvrez les fonctionnalités qui distinguent WeMasterTrade,"Изучите функции, которые выделяют WeMasterTrade",WeMasterTrade를 돋보이게 하는 기능을 확인해 보세요,ویژگی‌هایی را که WeMasterTrade را متمایز می‌کند بررسی کنید,Explore os recursos que fazem a WeMasterTrade se destacar,Descubre las características que diferencian nuestras Cuentas Fondeadas.,,,,
features_block_30,<dt>Best Option For</dt><dd>Experienced traders seeking flexibility and performance-based rewards</dd>,,<dt>เหมาะสำหรับ</dt><dd>เทรดเดอร์ที่มีประสบการณ์ที่ต้องการความยืดหยุ่นและผลตอบแทนตามผลงาน</dd>,<dt>おすすめ対象</dt><dd>即時資金提供と柔軟性を求める経験豊富なトレーダー</dd>,<dt>Mejor Opción Para</dt><dd>Traders experimentados que buscan flexibilidad y recompensas basadas en el rendimiento</dd>,,<dt>ជម្រើសល្អបំផុតសម្រាប់</dt><dd>អ្នកជួញដូរដែលមានបទពិសោធន៍ ស្វែងរកភាពបត់បែន និងរង្វាន់ផ្អែកលើលទ្ធផល</dd>,,<dt>সর্বোত্তম জন্য</dt><dd>অভিজ্ঞ ট্রেডার যারা নমনীয়তা এবং পারফরম্যান্স-ভিত্তিক রিওয়ার্ড খুঁজছেন</dd>,<dt>适合人群</dt><dd>寻求灵活性和绩效奖励的资深交易者</dd>,<dt>最適合</dt><dd>尋求靈活性和績效獎勵的資深交易者</dd>,<dt>En Uygun Seçenek</dt><dd>Esneklik ve performansa dayalı ödüller arayan deneyimli traderlar için</dd>,<dt>Idéal Pour</dt><dd>Traders expérimentés recherchant flexibilité et récompenses basées sur la performance</dd>,"<dt>Лучший вариант для</dt><dd>Опытных трейдеров, ищущих гибкость и вознаграждение на основе результатов</dd>",<dt>추천 대상</dt><dd>유연성과 성과 기반 리워드를 원하는 경험 많은 트레이더</dd>,<dt>بهترین گزینه برای</dt><dd>معامله‌گران باتجربه که به دنبال انعطاف‌پذیری و پاداش مبتنی بر عملکرد هستند</dd>,<dt>Melhor Para</dt><dd>Traders experientes que buscam flexibilidade e recompensas baseadas em desempenho</dd>,,,,,
features_block_31,Explore Instant Package,,สำรวจ Instant Package,Instant Packageを見る,Explorar el paquete Instant,Jelajahi Paket Instant,ស្វែងយល់ពី Instant Package,,Instant প্যাকেজ অন্বেষণ করুন,探索 Instant 套餐,探索 Instant 套餐,Instant Paketini Keşfet,Découvrir le package Instant,Изучить пакет Instant,Instant 패키지 살펴보기,بررسی بسته Instant,Explorar o pacote Instant,Conocer el Fondeo Instantáneo,,,,
features_block_4,"<th><p>Criteria</p></th>
																<th><p class=""clr"">Challenge Package</p></th>
																<th><p class=""clr"">Instant Package</p></th>",,"<th><p>เกณฑ์</p></th>
																<th><p class=""clr"">แพ็กเกจ Challenge</p></th>
																<th><p class=""clr"">แพ็กเกจ Instant</p></th>","<th><p>基準</p></th>
																<th><p class=""clr"">Challenge Package</p></th>
																<th><p class=""clr"">Instant Package</p></th>","<th><p>Criterios</p></th>
																<th><p class=""clr"">Paquete Challenge</p></th>
																<th><p class=""clr"">Paquete Instant</p></th>","<th><p>Kriteria</p></th>
																<th><p class=""clr"">Paket Challenge</p></th>
																<th><p class=""clr"">Paket Instant</p></th>","<th><p>លក្ខណៈវិនិច្ឆ័យ</p></th>
																<th><p class=""clr"">Challenge Package</p></th>
																<th><p class=""clr"">Instant Package</p></th>",,"<th><p>মানদণ্ড</p></th>
																<th><p class=""clr"">Challenge প্যাকেজ</p></th>
																<th><p class=""clr"">Instant প্যাকেজ</p></th>","<th><p>标准</p></th>
																<th><p class=""clr"">Challenge 套餐</p></th>
																<th><p class=""clr"">Instant 套餐</p></th>","<th><p>標準</p></th>
																<th><p class=""clr"">Challenge 套餐</p></th>
																<th><p class=""clr"">Instant 套餐</p></th>","<th><p>Kriterler</p></th>
																<th><p class=""clr"">Challenge Paketi</p></th>
																<th><p class=""clr"">Instant Paketi</p></th>","<th><p>Critères</p></th>
																<th><p class=""clr"">Challenge Package</p></th>
																<th><p class=""clr"">Instant Package</p></th>","<th><p>Критерии</p></th>
																<th><p class=""clr"">Пакет Challenge</p></th>
																<th><p class=""clr"">Пакет Instant</p></th>","<th><p>기준</p></th>
																<th><p class=""clr"">Challenge 패키지</p></th>
																<th><p class=""clr"">Instant 패키지</p></th>","<th><p>معیارها</p></th>
																<th><p class=""clr"">پکیج Challenge</p></th>
																<th><p class=""clr"">پکیج Instant</p></th>","<th><p>Critérios</p></th>
																<th><p class=""clr"">Pacote Challenge</p></th>
																<th><p class=""clr"">Pacote Instant</p></th>","<th><p>Criterio</p></th>
																<th><p class=""clr"">Challenge Package</p></th>
																<th><p class=""clr"">Instant Package</p></th>",,,,
features_block_5,<td>Target Audience</td><td>New clients entering proprietary trading environments or derivative markets</td><td>Experienced traders looking for a quick solution</td>,,<td>กลุ่มเป้าหมาย</td><td>ผู้ใช้งานใหม่ที่เข้าสู่สภาพแวดล้อมการเทรดแบบ proprietary หรือ ตลาดอนุพันธ์</td><td>เทรดเดอร์ที่มีประสบการณ์และต้องการโซลูชันที่รวดเร็ว</td>,<td>対象ユーザー</td><td>プロップトレーディング環境やデリバティブ市場に新規参入するユーザー</td><td>迅速なソリューションを求める経験豊富なトレーダー</td>,<td>Público Objetivo</td><td>Nuevos usuarios que ingresan a entornos de trading propietario o mercados de derivados</td><td>Traders experimentados que buscan una solución rápida</td>,,<td>ក្រុមអ្នកប្រើប្រាស់គោលដៅ</td><td>អ្នកប្រើថ្មីដែលចូលទៅក្នុងបរិស្ថាន trading ប្រភេទ proprietary ឬទីផ្សារ derivatives</td><td>អ្នកជួញដូរដែលមានបទពិសោធន៍ និងស្វែងរកដំណោះស្រាយរហ័ស</td>,,<td>লক্ষ্য ব্যবহারকারী</td><td>নতুন ব্যবহারকারী যারা প্রোপ্রাইটারি ট্রেডিং পরিবেশ বা ডেরিভেটিভ মার্কেটে প্রবেশ করছে</td><td>অভিজ্ঞ ট্রেডার যারা দ্রুত সমাধান খুঁজছেন</td>,<td>目标用户</td><td>进入自营交易环境或衍生品市场的新用户</td><td>寻求快速解决方案的资深交易者</td>,<td>目標用戶</td><td>進入自營交易環境或衍生品市場的新用戶</td><td>尋求快速解決方案的資深交易者</td>,<td>Hedef Kitle</td><td>Proprietary trading ortamlarına veya türev piyasalara yeni giren kullanıcılar</td><td>Hızlı çözüm arayan deneyimli traderlar</td>,<td>Public Cible</td><td>Nouveaux utilisateurs entrant dans des environnements de trading propriétaire ou des marchés dérivés</td><td>Traders expérimentés à la recherche d’une solution rapide</td>,"<td>Целевая аудитория</td><td>Новые пользователи, входящие в проп-трейдинг среды или рынки деривативов</td><td>Опытные трейдеры, ищущие быстрое решение</td>",<td>대상 사용자</td><td>프랍 트레이딩 환경 또는 파생상품 시장에 처음 진입하는 사용자</td><td>빠른 솔루션을 찾는 경험 많은 트레이더</td>,<td>کاربران هدف</td><td>کاربران جدیدی که وارد محیط‌های معاملات proprietary یا بازارهای مشتقه می‌شوند</td><td>معامله‌گران باتجربه که به دنبال راه‌حل سریع هستند</td>,<td>Público-Alvo</td><td>Novos usuários entrando em ambientes de trading proprietário ou mercados de derivativos</td><td>Traders experientes que buscam uma solução rápida</td>,,,,,
features_block_6,"<td>Process</td><td>Simple 2-phase process, easy for customers to get familiar</td><td>Immediate evaluating, no need for challenge phase</td>",,<td>กระบวนการ</td><td>กระบวนการ 2 ขั้นตอนที่เรียบง่าย ช่วยให้ผู้ใช้คุ้นเคยได้ง่าย</td><td>ประเมินทันที ไม่ต้องมีช่วง Challenge</td>,<td>料金体系</td><td>低料金で初心者・全レベルのトレーダーに最適</td><td>合理的な料金で、プロのプロップトレーダー向け</td>,"<td>Proceso</td><td>Proceso simple de 2 fases, fácil para familiarizarse</td><td>Evaluación inmediata, sin fase de desafío</td>",,<td>ដំណើរការ</td><td>ដំណើរការ 2 ជំហានសាមញ្ញ ងាយស្រួលសម្រាប់ស្គាល់ប្រព័ន្ធ</td><td>វាយតម្លៃភ្លាមៗ មិនចាំបាច់មានវគ្គ Challenge</td>,,"<td>প্রক্রিয়া</td><td>সহজ ২ ধাপের প্রক্রিয়া, সহজে শেখা ও মানিয়ে নেওয়া যায়</td><td>তাৎক্ষণিক মূল্যায়ন, কোনো চ্যালেঞ্জ ধাপ নেই</td>",<td>流程</td><td>简单的两阶段流程，便于用户快速熟悉</td><td>即时评估，无需挑战阶段</td>,<td>流程</td><td>簡單兩階段流程，方便用戶快速熟悉</td><td>即時評估，無需挑戰階段</td>,"<td>Süreç</td><td>Basit 2 aşamalı süreç, kullanıcıların kolayca alışmasını sağlar</td><td>Anında değerlendirme, challenge aşamasına gerek yok</td>","<td>Processus</td><td>Processus simple en 2 phases, facile pour se familiariser</td><td>Évaluation immédiate, sans phase de challenge</td>","<td>Процесс</td><td>Простой 2-этапный процесс, удобный для ознакомления</td><td>Мгновенная оценка, без этапа Challenge</td>","<td>프로세스</td><td>간단한 2단계 구조로 쉽게 적응 가능</td><td>즉시 평가, 챌린지 단계 없음</td>",<td>فرآیند</td><td>فرآیند ساده دو مرحله‌ای، مناسب برای آشنایی سریع کاربران</td><td>ارزیابی فوری، بدون نیاز به مرحله چالش</td>,"<td>Processo</td><td>Processo simples em 2 fases, fácil para se familiarizar</td><td>Avaliação imediata, sem necessidade de fase de desafio</td>",,,,,
features_block_7,"<td>Account Type</td>
																<td>Accounts for all asset types</td>
																<td>Focused on one specific asset type to optimize profit</td>",,"<td>ประเภทบัญชี</td>
																<td>บัญชีสำหรับสินทรัพย์ทุกประเภท</td>
																<td>มุ่งเน้นสินทรัพย์เฉพาะประเภทเดียวเพื่อเพิ่มประสิทธิภาพกำไร</td>","<td>プロセス</td>
																<td>シンプルな2フェーズ評価、プロップトレーディングに慣れやすい</td>
																<td>チャレンジフェーズ不要、即時ファンデッドアカウント</td>","<td>Tipo de cuenta</td>
																<td>Cuentas para todo tipo de activos</td>
																<td>Enfocado en un tipo específico de activo para optimizar el beneficio</td>","<td>Jenis Akun</td>
																<td>Akun untuk semua jenis aset</td>
																<td>Fokus pada satu jenis aset tertentu untuk mengoptimalkan profit</td>","<td>ប្រភេទគណនី</td>
																<td>គណនីសម្រាប់ប្រភេទទ្រព្យសម្បត្តិទាំងអស់</td>
																<td>ផ្តោតលើប្រភេទទ្រព្យសម្បត្តិជាក់លាក់មួយ ដើម្បីបង្កើនប្រសិទ្ធភាពប្រាក់ចំណេញ</td>",,"<td>অ্যাকাউন্টের ধরন</td>
																<td>সব ধরনের সম্পদের জন্য অ্যাকাউন্ট</td>
																<td>লাভ অপ্টিমাইজ করতে একটি নির্দিষ্ট সম্পদ ধরনের উপর ফোকাস</td>","<td>账户类型</td>
																<td>适用于所有资产类型的账户</td>
																<td>专注于一种特定资产类型以优化利润</td>","<td>帳戶類型</td>
																<td>適用於所有資產類型的帳戶</td>
																<td>專注於單一資產類型以優化利潤</td>","<td>Hesap Türü</td>
																<td>Tüm varlık türleri için hesaplar</td>
																<td>Kârı optimize etmek için tek bir varlık türüne odaklanır</td>","<td>Type de compte</td>
																<td>Comptes pour tous les types d’actifs</td>
																<td>Axé sur un type d’actif spécifique pour optimiser le profit</td>","<td>Тип счета</td>
																<td>Счета для всех типов активов</td>
																<td>Ориентирован на один конкретный тип актива для оптимизации прибыли</td>","<td>계정 유형</td>
																<td>모든 자산 유형을 위한 계정</td>
																<td>수익 최적화를 위해 특정 자산 유형에 집중</td>","<td>نوع حساب</td>
																<td>حساب برای همه انواع دارایی‌ها</td>
																<td>متمرکز بر یک نوع دارایی خاص برای بهینه‌سازی سود</td>","<td>Tipo de conta</td>
																<td>Contas para todos os tipos de ativos</td>
																<td>Focado em um tipo específico de ativo para otimizar o lucro</td>","<td>Tipo de Cuenta</td>
																<td>Cuentas para múltiples tipos de activos</td>
																<td>Enfocado en un tipo específico de activo para optimizar resultados</td>",,,,
features_block_8,"<td>Trading Flexibility</td>
																<td>No limit on news, swing, or scalp trading, no contract size limits</td>
																<td>No limit on news, swing, or scalp trading, no contract size limits</td>",,"<td>ความยืดหยุ่นในการเทรด</td>
																<td>ไม่มีข้อจำกัดสำหรับการเทรดข่าว สวิง หรือสแคลป์ และไม่มีข้อจำกัดขนาดสัญญา</td>
																<td>ไม่มีข้อจำกัดสำหรับการเทรดข่าว สวิง หรือสแคลป์ และไม่มีข้อจำกัดขนาดสัญญา</td>","<td>アカウントタイプ</td>
																<td>全資産タイプ対応のマルチアセットアカウント</td>
																<td>チャレンジフェーズ不要、即時ファンデッドアカウント</td>","<td>Flexibilidad de trading</td>
																<td>Sin límites para trading de noticias, swing o scalp, sin límite de tamaño de contrato</td>
																<td>Sin límites para trading de noticias, swing o scalp, sin límite de tamaño de contrato</td>","<td>Fleksibilitas Trading</td>
																<td>Tidak ada batasan untuk trading news, swing, atau scalp, tanpa batas ukuran kontrak</td>
																<td>Tidak ada batasan untuk trading news, swing, atau scalp, tanpa batas ukuran kontrak</td>","<td>ភាពបត់បែនក្នុងការជួញដូរ</td>
																<td>គ្មានដែនកំណត់សម្រាប់ការជួញដូរព័ត៌មាន Swing ឬ Scalp និងគ្មានដែនកំណត់ទំហំកុងត្រា</td>
																<td>គ្មានដែនកំណត់សម្រាប់ការជួញដូរព័ត៌មាន Swing ឬ Scalp និងគ្មានដែនកំណត់ទំហំកុងត្រា</td>",,"<td>ট্রেডিং নমনীয়তা</td>
																<td>নিউজ, সুইং বা স্ক্যাল্প ট্রেডিংয়ে কোনো সীমা নেই, কন্ট্রাক্ট সাইজেরও সীমা নেই</td>
																<td>নিউজ, সুইং বা স্ক্যাল্প ট্রেডিংয়ে কোনো সীমা নেই, কন্ট্রাক্ট সাইজেরও সীমা নেই</td>","<td>交易灵活性</td>
																<td>新闻交易、波段交易或剥头皮交易均无限制，也没有合约规模限制</td>
																<td>新闻交易、波段交易或剥头皮交易均无限制，也没有合约规模限制</td>","<td>交易靈活性</td>
																<td>新聞交易、波段或剝頭皮交易均無限制，也沒有合約規模限制</td>
																<td>新聞交易、波段或剝頭皮交易均無限制，也沒有合約規模限制</td>","<td>İşlem Esnekliği</td>
																<td>Haber, swing veya scalp işlemlerinde sınır yok, kontrat büyüklüğü limiti yok</td>
																<td>Haber, swing veya scalp işlemlerinde sınır yok, kontrat büyüklüğü limiti yok</td>","<td>Flexibilité de trading</td>
																<td>Aucune limite pour le trading sur news, swing ou scalp, aucune limite de taille de contrat</td>
																<td>Aucune limite pour le trading sur news, swing ou scalp, aucune limite de taille de contrat</td>","<td>Гибкость торговли</td>
																<td>Без ограничений на торговлю по новостям, свинг или скальпинг, без ограничений размера контракта</td>
																<td>Без ограничений на торговлю по новостям, свинг или скальпинг, без ограничений размера контракта</td>","<td>거래 유연성</td>
																<td>뉴스, 스윙, 스캘핑 거래에 제한 없음, 계약 규모 제한 없음</td>
																<td>뉴스, 스윙, 스캘핑 거래에 제한 없음, 계약 규모 제한 없음</td>","<td>انعطاف‌پذیری در معامله</td>
																<td>بدون محدودیت برای معامله در اخبار، سوئینگ یا اسکالپ و بدون محدودیت اندازه قرارداد</td>
																<td>بدون محدودیت برای معامله در اخبار، سوئینگ یا اسکالپ و بدون محدودیت اندازه قرارداد</td>","<td>Flexibilidade de trading</td>
																<td>Sem limite para trading de notícias, swing ou scalp, sem limite de tamanho de contrato</td>
																<td>Sem limite para trading de notícias, swing ou scalp, sem limite de tamanho de contrato</td>","<td>Flexibilidad de Trading</td>
																<td>Sin límites en news, swing o scalp trading, sin restricciones de tamaño de contrato</td>
																<td>Sin límites en news, swing o scalp trading, sin restricciones de tamaño de contrato</td>",,,,
features_block_9,<td>Performance-based Rewards Sharing</td><td>Reward sharing from the challenge phase and 90% rate after evaluating</td><td>Reward sharing up to 90% as soon as the account meets conditions</td>,,<td>การแบ่งผลตอบแทนตามผลงาน</td><td>เริ่มแบ่งผลตอบแทนตั้งแต่ช่วง Challenge และสูงสุดถึง 90% หลังผ่านการประเมิน</td><td>สามารถรับผลตอบแทนสูงสุดถึง 90% ทันทีเมื่อครบเงื่อนไข</td>,<td>取引の柔軟性</td><td>ニュース・スイング・スキャルプ取引無制限、ロットサイズ制限なし</td><td>ニュース・スイング・スキャルプ取引無制限、ロットサイズ制限なし</td>,<td>Reparto de Recompensas basadas en el Rendimiento</td><td>Reparto desde la fase de desafío y hasta el 90% después de la evaluación</td><td>Hasta un 90% de reparto en cuanto se cumplan las condiciones</td>,,<td>ការចែករំលែករង្វាន់ផ្អែកលើលទ្ធផល</td><td>ចាប់ផ្តើមចែករំលែកនៅវគ្គ Challenge ហើយអាចដល់ 90% បន្ទាប់ពីការវាយតម្លៃ</td><td>អាចទទួលបានរហូតដល់ 90% ភ្លាមៗនៅពេលបំពេញលក្ខខណ្ឌ</td>,,<td>পারফরম্যান্স-ভিত্তিক রিওয়ার্ড শেয়ারিং</td><td>চ্যালেঞ্জ পর্যায় থেকেই রিওয়ার্ড শেয়ারিং এবং মূল্যায়নের পর সর্বোচ্চ ৯০%</td><td>শর্ত পূরণ হলেই সর্বোচ্চ ৯০% রিওয়ার্ড শেয়ারিং</td>,<td>绩效奖励分成</td><td>从挑战阶段开始分成，评估完成后最高可达 90%</td><td>满足条件后即可获得最高 90% 的奖励分成</td>,<td>績效獎勵分成</td><td>從挑戰階段開始分成，評估完成後最高可達90%</td><td>達成條件後即可獲得最高90%的獎勵分成</td>,"<td>Performansa Dayalı Ödül Paylaşımı</td><td>Challenge aşamasından itibaren ödül paylaşımı, değerlendirme sonrası %90'a kadar</td><td>Koşullar sağlandığında hemen %90'a kadar ödül paylaşımı</td>",<td>Partage de Récompenses Basées sur la Performance</td><td>Partage dès la phase de challenge et jusqu’à 90 % après évaluation</td><td>Jusqu’à 90 % de partage dès que les conditions sont remplies</td>,<td>Распределение вознаграждений по результатам</td><td>Распределение с этапа Challenge и до 90% после оценки</td><td>До 90% распределения сразу после выполнения условий</td>,"<td>성과 기반 리워드 분배</td><td>챌린지 단계부터 분배되며, 평가 이후 최대 90%</td><td>조건 충족 시 즉시 최대 90%까지 분배</td>",<td>تقسیم پاداش مبتنی بر عملکرد</td><td>از مرحله چالش آغاز شده و پس از ارزیابی تا ۹۰٪ می‌رسد</td><td>با تحقق شرایط، تا ۹۰٪ پاداش قابل دریافت است</td>,<td>Compartilhamento de Recompensas Baseadas em Desempenho</td><td>Compartilhamento desde a fase de desafio e até 90% após a avaliação</td><td>Até 90% de compartilhamento assim que as condições forem atendidas</td>,,,,,
head.php_block_0,<h2><span>Trade Virtually</span><br><span>Earn Real Rewards</span></h2>,,,"<h1 class=""h2 h2-custom""><span>日本のプロップトレーディングで自己資金リスクなしにファンデッドアカウントを取得</span></h1>","<h2 class=""h2-custom""><span>Comercia Virtualmente</span><br><span>Obtenga Recompensas Reales</span></h2>",<h2><span>Trading Virtual</span><br><span>Profit Nyata</span></h2>,<h2><span>ការជួញដូរនិម្មិត</span><br><span>ទទួលបានប្រាក់ចំណេញពិត</span></h2>,"<h2 class=""h2-custom""><span>Earn Real Rewards</span><br><span>with WeMasterTrade Philippines</span></h2>","<h1 class=""h2""><span>বাংলাদেশের সেরা ইনস্ট্যান্ট ফান্ডিং প্রপ ট্রেডিং প্ল্যাটফর্ম</span></h1>",<h2><span>虚拟交易</span><br><span>赚取真实奖励</span></h2>,<h2><span>虛擬交易</span><br><span>真實收益</span></h2>,"<h2 class=""h2-custom""><span>Sanal Ti̇caret</span><br><span>Gerçek ödüller kazanın</span></h2>","<h2 class=""h2-custom""><span>Tradez virtuellement</span><br><span>Gagnez de véritables récompenses</span></h2>","<h2 class=""h2-custom""><span>Торгуйте виртуально</span><br><span>Получайте реальные вознаграждения</span></h2>",<h2><span>가상 거래로 시작하세요</span><br><span>실제 보상으로 이어집니다</span></h2>,"<h2 class=""h2-custom""><span>به صورت مجازی معامله کنید</span><br><span>پاداش های واقعی دریافت کنید</span></h2>","<h2 class=""h2-custom""><span>Negocie Virtualmente</span><br><span>Ganhe Recompensas Reais</span></h2>","<h1 class=""h2 h2-custom""><span>Accede a Cuentas</span><br><span>Fondeadas profesional</span><br><span>sin arriesgar tu capital</span><br><span>desde Perú</span></h1>","<h2 class=""h2-custom""><span>Opera con capital virtual y recibe recompensas</span><br><span>reales con nuestra plataforma de trading</span></h2>","<h1 class=""h2""><span>Best Trading Platform</span><br><span>in Singapore</span></h1>",,
head.php_block_1,We train and evaluate your trading skills.,,,当社はお客様のトレーディングスキルを訓練・評価し、プロップトレーダーとして成長をサポートします。,Capacitamos y evaluamos sus habilidades de negociación.,Kami melatih dan mengevaluasi kemampuan trading Anda.,យើងខ្ញុំបណ្តុះបណ្តាល និងវាយតម្លៃជំនាញជួញដូររបស់អ្នក។,Skill Development: We assess and sharpen your trading expertise through rigorous training,<strong>১০০% রিস্ক-ফ্রি:</strong> আপনার ব্যক্তিগত মূলধন হারানোর ভয় নেই ।,我们培训并评估您的交易技巧。,我們培訓並評估您的交易技能,Trading becerilerinizi eğitiyor ve değerlendiriyoruz.,Nous formons et évaluons vos compétences en trading.,Мы обучаем и оцениваем ваши торговые навыки,저희는 트레이딩 기술을 평가하고 향상시킬 수 있는 전문 교육 프로그램을 제공합니다,هارت های معاملاتی شما را ارتقا می دهیم و آنها را ارزیابی می کنیم,Kami melatih dan mengevaluasi kemampuan trading Anda.,Capacitamos y evaluamos tus habilidades de trading profesional.,"Con nuestra plataforma de trading, tus operaciones se replican en tiempo real en cuentas reales. Gracias a la velocidad y transparencia de nuestros algoritmos, compartimos contigo las ganancias obtenidas.",,,
head.php_block_2,"You gain access to our virtual <i hover-tooltip=""Clients are provided a simulated trading account with virtual funds. Based on demonstrated trading performance, WeMasterTrade may, at its sole discretion, utilize selected trading strategies in its proprietary live trading operations, where the Company generates its own revenue."" tooltip-position=""bottom"">capital</i> for trading.",,,"評価通過後、当社のプロップトレーディング資金<i hover-tooltip=""クライアントには、仮想資金を備えたシミュレーション取引口座が提供されます。実証された取引パフォーマンスに基づき、WeMasterTradeは独自の裁量により、選定された取引戦略を自社のライブ取引業務で利用する場合があり、その業務を通じて当社は自社の収益を生み出します。"" tooltip-position=""bottom"">（仮想資金）</i>へのアクセス権を取得できます。","Obtienes acceso a nuestro <i hover-tooltip=""Los clientes reciben una cuenta de trading simulada con fondos virtuales. En función del rendimiento de trading demostrado, WeMasterTrade puede, a su entera discreción, utilizar estrategias de trading seleccionadas en sus operaciones de trading en vivo propias, donde la Compañía genera sus propios ingresos."" tooltip-position=""bottom"">capital</i> virtual para operar.","Anda mendapatkan akses ke <i hover-tooltip=""Klien diberikan akun trading simulasi dengan dana virtual. Berdasarkan performa trading yang ditunjukkan, WeMasterTrade dapat, atas kebijakannya sendiri, menggunakan strategi trading tertentu yang dipilih dalam operasi trading live milik perusahaan, di mana Perusahaan menghasilkan pendapatannya sendiri."" tooltip-position=""bottom"">modal</i> virtual kami untuk trading.","អ្នកនឹងទទួលបានសិទ្ធិចូលប្រើ<i hover-tooltip=""អតិថិជនត្រូវបានផ្តល់គណនីជួញដូរសាកល្បងជាមួយមូលនិធិនិម្មិត។ ផ្អែកលើលទ្ធផលជួញដូរដែលបានបង្ហាញ WeMasterTrade អាចប្រើយុទ្ធសាស្ត្រជួញដូរដែលបានជ្រើសរើសនៅក្នុងប្រតិបត្តិការជួញដូរពិតផ្ទាល់ខ្លួនរបស់ខ្លួន តាមឆន្ទានុសិទ្ធិផ្តាច់មុខរបស់ខ្លួន ដែលក្រុមហ៊ុនបង្កើតប្រាក់ចំណូលផ្ទាល់ខ្លួនពីទីនោះ។"" tooltip-position=""bottom"">មូលធន</i>និម្មិតរបស់យើងសម្រាប់ការជួញដូរ។",,"আপনি ট্রেডিংয়ের জন্য আমাদের ভার্চুয়াল <i hover-tooltip=""ক্লায়েন্টদের ভার্চুয়াল ফান্ডসহ একটি সিমুলেটেড ট্রেডিং অ্যাকাউন্ট প্রদান করা হয়। প্রদর্শিত ট্রেডিং পারফরম্যান্সের ভিত্তিতে, WeMasterTrade নিজস্ব বিবেচনার ভিত্তিতে নির্বাচিত ট্রেডিং কৌশলগুলো তার নিজস্ব লাইভ ট্রেডিং কার্যক্রমে ব্যবহার করতে পারে, যেখানে কোম্পানি নিজস্ব আয় তৈরি করে।"" tooltip-position=""bottom"">মূলধন</i> ব্যবহারের সুযোগ পাবেন।","您将获得用于交易的虚拟<i hover-tooltip=""客户将获得一个配有虚拟资金的模拟交易账户。根据所展示的交易表现，WeMasterTrade 可自行决定在其自营真实交易业务中采用所选交易策略，公司将通过该业务产生自身收入。"" tooltip-position=""bottom"">资金</i>使用权限。","您將獲得用於交易的虛擬<i hover-tooltip=""客戶將獲提供配有虛擬資金的模擬交易帳戶。根據所展示的交易表現，WeMasterTrade 可自行酌情在其自營真實交易業務中採用所選交易策略，公司將透過該業務產生自身收入。"" tooltip-position=""bottom"">資金</i>使用權限。","İşlem yapmak için sanal <i hover-tooltip=""Müşterilere sanal fonlara sahip simüle edilmiş bir işlem hesabı sağlanır. Gösterilen işlem performansına bağlı olarak WeMasterTrade, tamamen kendi takdirine bağlı olarak seçilen işlem stratejilerini şirketin kendi gelirini elde ettiği özel canlı işlem faaliyetlerinde kullanabilir."" tooltip-position=""bottom"">sermayemize</i> erişim kazanırsınız.","Vous avez accès à notre <i hover-tooltip=""Les clients disposent d’un compte de trading simulé avec des fonds virtuels. Sur la base des performances de trading démontrées, WeMasterTrade peut, à sa seule discrétion, utiliser certaines stratégies de trading sélectionnées dans ses opérations de trading en direct pour compte propre, grâce auxquelles la Société génère ses propres revenus."" tooltip-position=""bottom"">capital</i> virtuel pour le trading.","Вы получаете доступ к нашему виртуальному <i hover-tooltip=""Клиентам предоставляется симуляционный торговый счет с виртуальными средствами. На основании продемонстрированных торговых результатов WeMasterTrade может по своему собственному усмотрению использовать выбранные торговые стратегии в своих собственных реальных торговых операциях, где Компания получает собственный доход."" tooltip-position=""bottom"">капиталу</i> для торговли.","거래를 위한 당사의 가상 <i hover-tooltip=""고객에게는 가상 자금이 포함된 모의 거래 계정이 제공됩니다. 입증된 거래 성과를 바탕으로 WeMasterTrade는 전적인 재량에 따라 선택된 거래 전략을 회사가 자체 수익을 창출하는 독자적인 실거래 운영에 활용할 수 있습니다."" tooltip-position=""bottom"">자본</i>에 접근할 수 있습니다.",,"Você obtém acesso ao nosso <i hover-tooltip=""Os clientes recebem uma conta de trading simulada com fundos virtuais. Com base no desempenho de trading demonstrado, a WeMasterTrade pode, a seu exclusivo critério, utilizar estratégias de trading selecionadas em suas operações proprietárias de trading ao vivo, nas quais a Empresa gera sua própria receita."" tooltip-position=""bottom"">capital</i> virtual para negociação.",,,,,
head.php_block_3,We copy your valuable trades and share the rewards.,,,当社はお客様の優れた取引をコピーし、利益の最大90%をシェアします。,Copiamos sus valiosas operaciones y compartimos las recompensas.,Kami menyalin trade terbaik Anda dan berbagi hasilnya.,យើងខ្ញុំចម្លងការជួញដូរដ៏មានតម្លៃរបស់អ្នក ហើយចែករំលែកប្រាក់ចំណេញ។,"Profit Sharing: Our proprietary system mirrors your successful trades, and we split the profits with you",<strong>বিকাশ পেমেন্ট:</strong> লোকাল পেমেন্ট গেটওয়ের মাধ্যমে সহজে ফি জমা দিন ।,我们复制您的宝贵交易并分享回报。,我們複製您有價值的交易，並與您分享收益,Değerli işlemlerinizi kopyalıyoruz ve ödülleri paylaşıyoruz.,Nous copions vos précieuses transactions et partageons les récompenses.,Мы копируем ваши ценные сделки и делимся вознаграждениями.,"당신의 가상 거래, 실시간 복제로 수익을 함께 나눕니다!",ا معاملات با ارزش شما را کپی می کنیم و سود حاصل را با شما تقسیم می کنیم,Nós copiamos suas negociações valiosas e compartilhamos as recompensas.,Replicamos tus operaciones en cuenta real y compartimos las recompensas.,,We copy your valuable trades through a prop firm trading and share the rewards.,,
head.php_block_4,Free To Use,,,無料でトライアル開始,Uso gratuito,Gratis untuk digunakan,អាចប្រើប្រាស់ដោយឥតគិតថ្លៃ,,বিনামূল্যে ব্যবহারযোগ্য,免费使用,免費使用,Kullanımı ücretsiz,Utilisation gratuite,Бесплатно для использования,무료로 사용 가능,استفاده رایگان,Gratuito para usar,Uso gratuito,,,,
head.php_block_5,Our Promotions,,,キャンペーンを見る,Nuestras promociones,,ប្រូម៉ូសិនរបស់យើង,,আমাদের প্রোমোশন,我们的促销活动,我們的優惠活動,Promosyonlarımız,Nos promotions,Наши акции,프로모션,پروموشن‌های ما,Nossas promoções,,,,,
hero_block_0,,<h2><span>Trade Virtually</span><br><span>Earn Real Rewards</span></h2>,<h2><span>เทรดเสมือนจริง</span><br><span>รับรางวัลจริง</span></h2>,,,,,,,,,,,,,,,,,,,
hero_block_1,,We train and evaluate your trading skills.,เราฝึกอบรมและประเมินทักษะการซื้อขายของคุณ,,,,,,,,,,,,,,,,,,,
hero_block_2,,"You gain access to our virtual <i hover-tooltip=""Clients are provided a simulated trading account with virtual funds. Based on demonstrated trading performance, WeMasterTrade may, at its sole discretion, utilize selected trading strategies in its proprietary live trading operations, where the Company generates its own revenue."" tooltip-position=""bottom"">capital</i> for trading.","คุณจะได้รับสิทธิ์เข้าถึง<i hover-tooltip=""ลูกค้าจะได้รับบัญชีซื้อขายจำลองพร้อมเงินทุนเสมือน โดยอ้างอิงจากผลการซื้อขายที่แสดงให้เห็น WeMasterTrade อาจใช้กลยุทธ์การซื้อขายที่ได้รับการคัดเลือกในกระบวนการซื้อขายจริงของบริษัทตามดุลยพินิจของบริษัทแต่เพียงผู้เดียว ซึ่งบริษัทจะสร้างรายได้ของตนเองจากการดำเนินงานดังกล่าว"" tooltip-position=""bottom"">เงินทุน</i>เสมือนของเราสำหรับการซื้อขาย",,,,,,,,,,,,,,,,,,,
hero_block_3,,We copy your valuable trades and share the rewards.,เราคัดลอกการซื้อขายอันทรงคุณค่าของคุณและแบ่งปันผลตอบแทน,,,,,,,,,,,,,,,,,,,
hero_block_4,,Free To Use,ใช้งานได้ฟรี,,,,,,,,,,,,,,,,,,,
hero_block_5,,Our Promotions,โปรโมชั่นของเรา,,,,,,,,,,,,,,,,,,,
home_block_0,How it work,,วิธีการทำงาน,仕組み,Cómo funciona,Cara kerja,របៀបដំណើរការ,,এটি কীভাবে কাজ করে,运作方式,運作方式,Nasıl çalışır,Comment ça fonctionne,Как это работает,작동 방식,نحوه کارکرد,Como funciona,,,,,
home_block_1,<h3>How <span>the Challenge <br>Package </span>Works</h3>,,<h3>วิธีการทำงานของ <span>แพ็กเกจ <br>Challenge</span></h3>,"<h2 class=""h3""><span>日本のプロップトレーダーのためのファンデッドアカウント</span>取得方法</h2>",<h3>Cómo funciona <span>el <br>Challenge Package</span></h3>,<h3>Bagaimana <span>Paket <br>Challenge</span> Bekerja</h3>,<h3>របៀបដែល <span>Challenge <br>Package</span> ដំណើរការ</h3>,,<h3>কিভাবে <span>Challenge <br>Package</span> কাজ করে</h3>,<h3><span>挑战套餐 <br></span>如何运作</h3>,<h3><span>挑戰套餐 <br></span>如何運作</h3>,<h3><span>Challenge <br>Paketi</span> Nasıl Çalışır</h3>,<h3>Comment fonctionne <span>le <br>Challenge Package</span></h3>,<h3>Как работает <span>пакет <br>Challenge</span></h3>,<h3><span>챌린지 <br>패키지</span> 작동 방식</h3>,<h3>نحوه کارکرد <span>پکیج <br>چلنج</span></h3>,<h3>Como funciona o <span>Pacote <br>Challenge</span></h3>,"<h2 class=""h3"">Cómo funcionan nuestras <span>Cuentas Fondeadas Challenge Package</span></h3>",,,,
home_block_10,Package,,แพ็กเกจ,パッケージ,Paquete,Paket,កញ្ចប់,,প্যাকেজ,套餐,套餐,Paket,Forfait,Пакет,패키지,پکیج,Pacote,Paquete,,,,
home_block_11,<h3><span>Challenge</span> Package</h3>,,<h3><span>Challenge</span> แพ็กเกจ</h3>,<h2><span>Challenge Package</span> <br>あなたに合ったプロップトレーディングアカウントを選択</h2><h3><span>Challenge</span>パッケージ</h3><p>アカウントサイズを選択して、日本のプロップトレーディングチャレンジを始めましょう。</p>,<h3><span>Challenge</span> Paquete</h3>,<h3><span>Challenge</span> Paket</h3>,<h3><span>Challenge</span> កញ្ចប់</h3>,,<h3><span>Challenge</span> প্যাকেজ</h3>,<h3><span>Challenge</span> 套餐</h3>,<h3><span>Challenge</span> 套餐</h3>,<h3><span>Challenge</span> Paketi</h3>,,<h3><span>Challenge</span> Пакет</h3>,<h3><span>Challenge</span> 패키지</h3>,<h3><span>Challenge</span> پکیج</h3>,<h3><span>Challenge</span> Pacote</h3>,"<h2 class=""h3""><span>Challenge</span> Package</h2>",,,,
home_block_12,"$25,000",,,,,,,,,,,,,,,,,"$20,000",,,,
home_block_13,No challenge,,ไม่มีชาเลนจ์,チャレンジなし,Sin desafío,,គ្មាន Challenge,,কোনো চ্যালেঞ্জ নেই,无挑战,無挑戰,Challenge yok,Aucun challenge,Без челленджа,챌린지 없음,بدون چالش,Sem Desafio,Sin Challenge,,,,
home_block_14,1:100,,,,,,,,,,,,,,,,,2:40,,,,
home_block_15,1:100,,,,,,,,,,,,,,,,,2:40,,,,
home_block_16,1:100,,,,,,,,,,,,,,,,,2:40,,,,
home_block_17,1:100,,,,,,,,,,,,,,,,,2:40,,,,
home_block_18,1:100,,,,,,,,,,,,,,,,,2:40,,,,
home_block_19,1:100,,,,,,,,,,,,,,,,,2:40,,,,
home_block_2,"WeMasterTrade introduces the Challenge Package, specifically designed for traders seeking a structured and beginner-friendly way to enter the funded trading world. Here\",,WeMasterTrade แนะนำ Challenge Package ที่ออกแบบมาโดยเฉพาะสำหรับเทรดเดอร์ที่ต้องการวิธีการเข้าสู่โลกของ funded trading อย่างเป็นระบบและเป็นมิตรกับผู้เริ่มต้น นี่คือวิธีการทำงาน:,WeMasterTradeのChallenge Packageは、プロップトレーディングの世界に体系的かつ初心者にも優しい方法で参入したいトレーダーのために設計されています。,"WeMasterTrade presenta el Challenge Package, diseñado específicamente para traders que buscan una forma estructurada y amigable para principiantes de entrar al mundo del trading con fondos. Así es como funciona:","WeMasterTrade memperkenalkan Challenge Package, yang dirancang khusus untuk trader yang mencari cara terstruktur dan ramah pemula untuk memasuki dunia funded trading. Berikut cara kerjanya:",WeMasterTrade បង្ហាញ Challenge Package ដែលបានរចនាឡើងជាពិសេសសម្រាប់អ្នកជួញដូរ ដែលចង់ចូលទៅក្នុងពិភព funded trading តាមវិធីដែលមានរចនាសម្ព័ន្ធ និងងាយស្រួលសម្រាប់អ្នកចាប់ផ្តើម។ វាដំណើរការដូចខាងក្រោម៖,WeMasterTrade has thoughtfully designed a Challenge Package for aspiring traders in the Philippines looking for a structured and accessible path to a funded trading career. It's an excellent opportunity for beginner traders to showcase their skills.,"WeMasterTrade Challenge Package পরিচয় করিয়ে দেয়, যা বিশেষভাবে সেই ট্রেডারদের জন্য ডিজাইন করা হয়েছে যারা একটি কাঠামোবদ্ধ এবং নতুনদের জন্য সহজ উপায়ে funded trading জগতে প্রবেশ করতে চান। এটি যেভাবে কাজ করে:",WeMasterTrade 推出 Challenge Package，专为希望以结构化且适合新手的方式进入资金交易世界的交易者设计。其运作方式如下：,WeMasterTrade 推出 Challenge Package，專為希望以結構化且適合新手的方式進入資金交易世界的交易者設計。運作方式如下：,"WeMasterTrade, fonlu işlem dünyasına yapılandırılmış ve yeni başlayanlar için uygun bir şekilde girmek isteyen traderlar için özel olarak tasarlanmış Challenge Package’i sunar. İşleyişi şu şekildedir:","WeMasterTrade présente le Challenge Package, spécialement conçu pour les traders souhaitant entrer dans le monde du trading financé de manière structurée et adaptée aux débutants. Voici comment cela fonctionne :","WeMasterTrade представляет Challenge Package, специально разработанный для трейдеров, которые ищут структурированный и удобный для новичков способ войти в мир проп-трейдинга. Вот как это работает:",WeMasterTrade는 자금 지원 트레이딩 세계에 구조적이고 초보자 친화적인 방식으로 진입하고자 하는 트레이더를 위해 특별히 설계된 Challenge Package를 소개합니다. 작동 방식은 다음과 같습니다:,WeMasterTrade پکیج Challenge را معرفی می‌کند که به‌طور ویژه برای معامله‌گرانی طراحی شده است که به دنبال روشی ساختارمند و مناسب برای مبتدیان جهت ورود به دنیای معاملات تأمین سرمایه هستند. نحوه عملکرد آن به این صورت است:,"A WeMasterTrade apresenta o Challenge Package, especialmente projetado para traders que buscam uma maneira estruturada e amigável para iniciantes de entrar no mundo do trading com capital financiado. Veja como funciona:","WeMasterTrade presenta el Challenge Package, diseñado para traders que buscan una forma estructurada y accesible de ingresar al mundo del Prop Trading con cuentas fondeadas. Así funciona:",,,,
home_block_20,1:100,,,,,,,,,,,,,,,,,2:40,,,,
home_block_21,1:100,,,,,,,,,,,,,,,,,2:40,,,,
home_block_22,Start challenge,,เริ่มชาเลนจ์,チャレンジ開始,Iniciar desafío,Mulai challenge,ចាប់ផ្តើម Challenge,,চ্যালেঞ্জ শুরু করুন,开始挑战,開始挑戰,Challenge başlat,Commencer le challenge,Начать челлендж,챌린지 시작,شروع چالش,Iniciar Desafio,Empieza tu desafío ahora,,,,
home_block_3,Watch video,,ดูวิดีโอ,動画を見る,Ver video,Tonton video,មើលវីដេអូ,,ভিডিও দেখুন,观看视频,觀看影片,Videoyu izle,Regarder la vidéo,Смотреть видео,영상 보기,مشاهده ویدیو,Assistir vídeo,,,,,
home_block_4,Step 1,,ขั้นตอนที่ 1,ステップ 1,Paso 1,Langkah 1,ជំហាន 1,,ধাপ ১,步骤 1,步驟 1,Adım 1,Étape 1,Шаг 1,1단계,مرحله 1,Passo 1,PASO 1,,,,
home_block_5,"<h4>Trading Skill Assessment</h4><ul><li>You need to achieve a 8% performance-based rewards during this challenge phase while maintaining proper risk management.</li><li>We will evaluate your trading performance and ability to protect your capital in a real market environment.</li><li>If you pass, you\\\",,<h4>การประเมินทักษะการเทรด</h4><ul><li>คุณต้องทำผลตอบแทน 8% ในช่วง Challenge นี้ โดยยังคงรักษาการบริหารความเสี่ยงอย่างเหมาะสม</li><li>เราจะประเมินผลการเทรดและความสามารถในการปกป้องเงินทุนของคุณในสภาพตลาดจริง</li><li>หากผ่าน คุณจะเข้าสู่ขั้นตอนถัดไป</li></ul>,"<h3 class=""h4"">トレーディングスキル評価</h3><ul><li>このチャレンジフェーズでは、適切なリスク管理を維持しながら8%のパフォーマンス達成が必要です。</li><li>実際の市場環境における取引パフォーマンスと資金保護能力を評価します。</li><li>合格した場合、次のステージへ進みます。</li></ul>","<h4>Evaluación de Habilidades de Trading</h4><ul><li>Debes alcanzar un rendimiento del 8% durante esta fase de desafío manteniendo una adecuada gestión de riesgos.</li><li>Evaluaremos tu desempeño en trading y tu capacidad para proteger tu capital en un entorno de mercado real.</li><li>Si apruebas, avanzarás a la siguiente etapa.</li></ul>",,<h4>ការវាយតម្លៃជំនាញជួញដូរ</h4><ul><li>ក្នុងវគ្គ Challenge នេះ អ្នកត្រូវសម្រេចបានលទ្ធផល 8% ខណៈពេលរក្សាការគ្រប់គ្រងហានិភ័យឲ្យបានសមរម្យ</li><li>យើងនឹងវាយតម្លៃលទ្ធផលជួញដូរ និងសមត្ថភាពការពារទុនរបស់អ្នកក្នុងទីផ្សារពិត</li><li>ប្រសិនបើជោគជ័យ អ្នកនឹងបន្តទៅវគ្គបន្ទាប់</li></ul>,,<h4>ট্রেডিং দক্ষতা মূল্যায়ন</h4><ul><li>এই চ্যালেঞ্জ পর্যায়ে সঠিক রিস্ক ম্যানেজমেন্ট বজায় রেখে ৮% পারফরম্যান্স অর্জন করতে হবে।</li><li>আমরা বাস্তব মার্কেটে আপনার ট্রেডিং পারফরম্যান্স এবং মূলধন সুরক্ষার ক্ষমতা মূল্যায়ন করব।</li><li>পাস করলে আপনি পরবর্তী ধাপে অগ্রসর হবেন।</li></ul>,<h4>交易技能评估</h4><ul><li>在此挑战阶段中，您需要在保持合理风险管理的前提下，实现 8% 的绩效收益。</li><li>我们将根据您在真实市场环境中的交易表现以及资金保护能力进行评估。</li><li>通过后，您将进入下一阶段。</li></ul>,<h4>交易技能評估</h4><ul><li>在此挑戰階段中，您需要在保持良好風險管理的前提下達成 8% 的表現。</li><li>我們將評估您在真實市場環境中的交易表現及資金保護能力。</li><li>通過後，您將進入下一階段。</li></ul>,"<h4>İşlem Yeteneği Değerlendirmesi</h4><ul><li>Bu challenge aşamasında, uygun risk yönetimini koruyarak %8 performansa dayalı getiri elde etmeniz gerekir.</li><li>Gerçek piyasa koşullarında işlem performansınız ve sermayeyi koruma yeteneğiniz değerlendirilecektir.</li><li>Başarılı olursanız, bir sonraki aşamaya geçersiniz.</li></ul>","<h4>Évaluation des Compétences de Trading</h4><ul><li>Vous devez atteindre une performance de 8 % durant cette phase de challenge tout en maintenant une gestion des risques appropriée.</li><li>Nous évaluerons vos performances de trading et votre capacité à protéger votre capital dans des conditions de marché réelles.</li><li>En cas de réussite, vous passerez à l’étape suivante.</li></ul>",<h4>Оценка Торговых Навыков</h4><ul><li>На этом этапе Challenge необходимо достичь результата 8% при соблюдении правил управления рисками.</li><li>Мы оценим вашу торговую эффективность и способность защищать капитал в реальных рыночных условиях.</li><li>При успешном прохождении вы перейдёте на следующий этап.</li></ul>,<h4>트레이딩 역량 평가</h4><ul><li>이 챌린지 단계에서는 적절한 리스크 관리를 유지하면서 8%의 성과를 달성해야 합니다.</li><li>실제 시장 환경에서의 트레이딩 성과와 자본 보호 능력을 평가합니다.</li><li>통과 시 다음 단계로 이동합니다.</li></ul>,<h4>ارزیابی مهارت معاملاتی</h4><ul><li>در این مرحله چالش باید با حفظ مدیریت ریسک مناسب، به عملکرد ۸٪ دست یابید.</li><li>ما عملکرد معاملاتی و توانایی شما در حفظ سرمایه را در شرایط واقعی بازار ارزیابی می‌کنیم.</li><li>در صورت موفقیت، به مرحله بعد منتقل خواهید شد.</li></ul>,"<h4>Avaliação de Habilidade de Trading</h4><ul><li>Durante esta fase de desafio, você precisa atingir 8% de desempenho mantendo uma gestão de risco adequada.</li><li>Avaliamos seu desempenho de trading e sua capacidade de proteger o capital em condições reais de mercado.</li><li>Se aprovado, você avança para a próxima etapa.</li></ul>",,,,,
home_block_6,Step 2,,ขั้นตอนที่ 2,ステップ 2,Paso 2,Langkah 2,ជំហាន 2,,ধাপ ২,步骤 2,步驟 2,Adım 2,Étape 2,Шаг 2,2단계,مرحله 2,Passo 2,PASO 2,,,,
home_block_7,"<h4>Stability Assessment</h4><ul><li>In this phase, you need to achieve a 6% performance-based rewards.</li><li>This step evaluates your ability to sustain performance-based rewards and manage risk over the long term.</li><li>You’ll start earning performance-based rewards from your trades during this phase, even before receiving full evaluation.</li></ul>",,<h4>การประเมินความเสถียร</h4><ul><li>ในช่วงนี้ คุณต้องทำผลตอบแทน 6% ตามผลงาน</li><li>ขั้นตอนนี้ประเมินความสามารถในการรักษาผลตอบแทนตามผลงานและบริหารความเสี่ยงในระยะยาว</li><li>คุณจะเริ่มได้รับผลตอบแทนตามผลงานจากการเทรดในช่วงนี้ แม้ยังไม่เสร็จสิ้นการประเมินทั้งหมด</li></ul>,"<h3 class=""h4"">安定性評価</h3><ul><li>このフェーズでは6%のパフォーマンス目標を達成する必要があります。</li><li>長期的な利益の維持とリスク管理能力を評価します。</li><li>この段階から、プロップトレーダーとして取引利益の30%を受け取り始めます。</li></ul>","<h4>Evaluación de Estabilidad</h4><ul><li>En esta fase, debes alcanzar un 6% de recompensas basadas en el rendimiento.</li><li>Este paso evalúa tu capacidad para mantener recompensas basadas en el rendimiento y gestionar el riesgo a largo plazo.</li><li>Comenzarás a generar recompensas basadas en el rendimiento de tus operaciones durante esta fase, incluso antes de completar la evaluación.</li></ul>",,<h4>ការវាយតម្លៃស្ថេរភាព</h4><ul><li>ក្នុងដំណាក់កាលនេះ អ្នកត្រូវសម្រេចបានរង្វាន់ផ្អែកលើលទ្ធផល 6%</li><li>វាយតម្លៃសមត្ថភាពរក្សារង្វាន់ផ្អែកលើលទ្ធផល និងគ្រប់គ្រងហានិភ័យក្នុងរយៈពេលវែង</li><li>អ្នកនឹងចាប់ផ្តើមទទួលបានរង្វាន់ផ្អែកលើលទ្ធផលពីការជួញដូរ នៅដំណាក់កាលនេះ ទោះមិនទាន់បញ្ចប់ការវាយតម្លៃទាំងស្រុងក៏ដោយ</li></ul>,,"<h4>স্থিতিশীলতা মূল্যায়ন</h4><ul><li>এই পর্যায়ে আপনাকে ৬% পারফরম্যান্স-ভিত্তিক রিওয়ার্ড অর্জন করতে হবে।</li><li>এই ধাপে দীর্ঘমেয়াদে পারফরম্যান্স-ভিত্তিক রিওয়ার্ড ধরে রাখা এবং ঝুঁকি ব্যবস্থাপনার সক্ষমতা মূল্যায়ন করা হয়।</li><li>এই পর্যায়েই আপনি ট্রেড থেকে পারফরম্যান্স-ভিত্তিক রিওয়ার্ড অর্জন শুরু করবেন, সম্পূর্ণ মূল্যায়ন শেষ হওয়ার আগেই।</li></ul>",<h4>稳定性评估</h4><ul><li>在此阶段，您需要实现 6% 的绩效奖励。</li><li>该阶段将评估您在长期内维持绩效奖励并管理风险的能力。</li><li>在此阶段，您将开始从交易中获得绩效奖励，即使尚未完成全部评估流程。</li></ul>,<h4>穩定性評估</h4><ul><li>在此階段，您需要達成 6% 的績效獎勵。</li><li>此步驟將評估您在長期內維持績效獎勵及管理風險的能力。</li><li>在此階段，即使尚未完成全部評估流程，您也將開始從交易中獲得績效獎勵。</li></ul>,"<h4>İstikrar Değerlendirmesi</h4><ul><li>Bu aşamada %6 performansa dayalı ödül elde etmeniz gerekir.</li><li>Bu adım, performansa dayalı ödülleri sürdürebilme ve uzun vadede riski yönetme yeteneğinizi değerlendirir.</li><li>Bu aşamada, tam değerlendirme tamamlanmadan önce bile işlemlerinizden performansa dayalı ödül kazanmaya başlarsınız.</li></ul>","<h4>Évaluation de la Stabilité</h4><ul><li>Dans cette phase, vous devez atteindre 6 % de récompenses basées sur la performance.</li><li>Cette étape évalue votre capacité à maintenir des récompenses basées sur la performance et à gérer les risques sur le long terme.</li><li>Vous commencerez à générer des récompenses basées sur la performance à partir de vos trades durant cette phase, même avant la fin complète de l’évaluation.</li></ul>","<h4>Оценка Стабильности</h4><ul><li>На этом этапе необходимо достичь 6% вознаграждения, основанного на результатах.</li><li>Данный этап оценивает вашу способность поддерживать вознаграждение, основанное на результатах, и управлять рисками в долгосрочной перспективе.</li><li>Вы начнёте получать вознаграждение от торговли уже на этом этапе, даже до завершения полного процесса оценки.</li></ul>",<h4>안정성 평가</h4><ul><li>이 단계에서는 성과 기반 리워드 6%를 달성해야 합니다.</li><li>장기적으로 성과 기반 리워드를 유지하고 리스크를 관리하는 능력을 평가합니다.</li><li>이 단계에서는 전체 평가가 완료되기 전에도 트레이딩을 통해 성과 기반 리워드를 얻기 시작합니다.</li></ul>,<h4>ارزیابی پایداری</h4><ul><li>در این مرحله باید به ۶٪ پاداش مبتنی بر عملکرد دست یابید.</li><li>این مرحله توانایی شما در حفظ پاداش مبتنی بر عملکرد و مدیریت ریسک در بلندمدت را ارزیابی می‌کند.</li><li>در این مرحله، حتی قبل از تکمیل کامل ارزیابی، از معاملات خود پاداش مبتنی بر عملکرد کسب خواهید کرد.</li></ul>,"<h4>Avaliação de Estabilidade</h4><ul><li>Nesta fase, você precisa atingir 6% de recompensas baseadas em desempenho.</li><li>Esta etapa avalia sua capacidade de sustentar recompensas baseadas em desempenho e gerenciar riscos no longo prazo.</li><li>Você começará a obter recompensas baseadas em desempenho com suas operações nesta fase, mesmo antes de concluir toda a avaliação.</li></ul>",,,,,
home_block_8,Step 3,,ขั้นตอนที่ 3,ステップ 3,Paso 3,Langkah 3,ជំហាន 3,,ধাপ ৩,步骤 3,步驟 3,Adım 3,Étape 3,Шаг 3,3단계,مرحله 3,Passo 3,PASO 3,,,,
home_block_9,"<h4>Evaluation Stage</h4><ul><li>Once you’ve successfully completed both evaluation stages, you will receive trading capital from WeMasterTrade.</li><li>The company will copy your trades directly.</li><li>You will earn up to 90% of the performance-based rewards from the trades you make.</li></ul>",,<h4>ขั้นตอนการประเมิน</h4><ul><li>เมื่อคุณผ่านทุกขั้นตอนการประเมินเรียบร้อยแล้ว คุณจะได้รับเงินทุนสำหรับการเทรดจาก WeMasterTrade</li><li>ระบบจะติดตามและดำเนินการตามกิจกรรมการเทรดของคุณ</li><li>คุณสามารถรับผลตอบแทนตามผลงานได้สูงสุดถึง 90% จากการเทรดของคุณ</li></ul>,"<h3 class=""h4"">ファンデッドステージ</h3><ul><li>両フェーズを完了すると、WeMasterTradeからプロップトレーディング資金が提供されます。</li><li>当社があなたの取引を直接コピーします。</li><li>取引から得られる利益の最大90%を受け取ることができます。</li></ul>","<h4>Fase de Evaluación</h4><ul><li>Una vez completadas con éxito todas las fases de evaluación, recibirás capital de trading proporcionado por WeMasterTrade.</li><li>La plataforma seguirá y replicará tu actividad de trading.</li><li>Podrás recibir hasta el 90% de las recompensas basadas en el rendimiento de tus operaciones.</li></ul>",,<h4>ដំណាក់កាលវាយតម្លៃ</h4><ul><li>បន្ទាប់ពីបញ្ចប់ដំណាក់កាលវាយតម្លៃទាំងអស់ដោយជោគជ័យ អ្នកនឹងទទួលបានទុនសម្រាប់ជួញដូរពី WeMasterTrade</li><li>ប្រព័ន្ធនឹងតាមដាន និងអនុវត្តសកម្មភាពជួញដូររបស់អ្នក</li><li>អ្នកអាចទទួលបានរង្វាន់ផ្អែកលើលទ្ធផលរហូតដល់ 90% ពីការជួញដូររបស់អ្នក</li></ul>,,"<h4>মূল্যায়ন পর্যায়</h4><ul><li>সব মূল্যায়ন ধাপ সফলভাবে সম্পন্ন করার পর, আপনি WeMasterTrade থেকে ট্রেডিং মূলধন পাবেন।</li><li>প্ল্যাটফর্ম আপনার ট্রেডিং কার্যক্রম অনুসরণ করবে।</li><li>আপনি আপনার ট্রেড থেকে অর্জিত পারফরম্যান্স-ভিত্তিক রিওয়ার্ডের সর্বোচ্চ ৯০% পেতে পারেন।</li></ul>",<h4>评估阶段</h4><ul><li>在成功完成所有评估阶段后，您将获得 WeMasterTrade 提供的交易资金。</li><li>平台将根据您的交易活动进行同步执行。</li><li>您最多可获得交易产生的绩效奖励的 90%。</li></ul>,<h4>評估階段</h4><ul><li>完成所有評估階段後，您將獲得 WeMasterTrade 提供的交易資金。</li><li>平台將追蹤並反映您的交易活動。</li><li>您最多可獲得交易產生的績效獎勵的 90%。</li></ul>,"<h4>Değerlendirme Aşaması</h4><ul><li>Tüm değerlendirme aşamalarını başarıyla tamamladıktan sonra WeMasterTrade tarafından işlem sermayesi sağlanır.</li><li>Platform, işlem faaliyetlerinizi takip ederek eş zamanlı olarak uygular.</li><li>Gerçekleştirdiğiniz işlemlerden elde edilen performansa dayalı ödüllerin %90'ına kadar kazanabilirsiniz.</li></ul>","<h4>Phase d’Évaluation</h4><ul><li>Une fois toutes les phases d’évaluation complétées avec succès, vous recevrez un capital de trading fourni par WeMasterTrade.</li><li>La plateforme suivra et reproduira vos activités de trading.</li><li>Vous pouvez recevoir jusqu’à 90 % des récompenses basées sur la performance issues de vos trades.</li></ul>","<h4>Этап Оценки</h4><ul><li>После успешного прохождения всех этапов оценки вы получите торговый капитал от WeMasterTrade.</li><li>Платформа будет отслеживать и повторять вашу торговую активность.</li><li>Вы можете получать до 90% вознаграждения, основанного на результатах ваших сделок.</li></ul>",<h4>평가 단계</h4><ul><li>모든 평가 단계를 성공적으로 완료하면 WeMasterTrade로부터 트레이딩 자금을 받게 됩니다.</li><li>플랫폼은 사용자의 트레이딩 활동을 추적하고 반영합니다.</li><li>트레이딩을 통해 발생한 성과 기반 리워드의 최대 90%까지 받을 수 있습니다.</li></ul>,<h4>مرحله ارزیابی</h4><ul><li>پس از تکمیل موفقیت‌آمیز تمامی مراحل ارزیابی، سرمایه معاملاتی از سوی WeMasterTrade در اختیار شما قرار می‌گیرد.</li><li>پلتفرم فعالیت‌های معاملاتی شما را دنبال می‌کند.</li><li>شما می‌توانید تا ۹۰٪ از پاداش مبتنی بر عملکرد معاملات خود را دریافت کنید.</li></ul>,"<h4>Fase de Avaliação</h4><ul><li>Após concluir com sucesso todas as etapas de avaliação, você receberá capital de trading da WeMasterTrade.</li><li>A plataforma acompanhará sua atividade de trading.</li><li>Você poderá receber até 90% das recompensas baseadas em desempenho das suas operações.</li></ul>",,,,,
instant_benefit_block_0,Benefit,,ประโยชน์,メリット,Beneficio,Manfaat,អត្ថប្រយោជន៍,,সুবিধা,优势,優勢,Avantaj,Avantage,Преимущество,혜택,مزایا,Benefício,Beneficio,,,,
instant_benefit_block_1,<h3><span>The benefit of our project</span><br>WeMasterTrade</h3>,,<h3><span>ประโยชน์ของโครงการของเรา</span><br>WeMasterTrade</h3>,<h3><span>私たちのプロジェクトのメリット</span><br>WeMasterTrade</h3>,<h3><span>Los beneficios de nuestro proyecto</span><br>WeMasterTrade</h3>,<h3><span>Manfaat dari proyek kami</span><br>WeMasterTrade</h3>,<h3><span>អត្ថប្រយោជន៍នៃគម្រោងរបស់យើង</span><br>WeMasterTrade</h3>,,<h3><span>আমাদের প্রকল্পের সুবিধা</span><br>WeMasterTrade</h3>,<h3><span>我们项目的优势</span><br>WeMasterTrade</h3>,<h3><span>我們項目的優勢</span><br>WeMasterTrade</h3>,<h3><span>Projemizin avantajları</span><br>WeMasterTrade</h3>,<h3><span>Les avantages de notre projet</span><br>WeMasterTrade</h3>,<h3><span>Преимущества нашего проекта</span><br>WeMasterTrade</h3>,<h3><span>우리 프로젝트의 혜택</span><br>WeMasterTrade</h3>,<h3><span>مزایای پروژه ما</span><br>WeMasterTrade</h3>,<h3><span>Os benefícios do nosso projeto</span><br>WeMasterTrade</h3>,"<h2 class=""h3"">El beneficio de nuestro modelo de cuentas instantáneas</h3>",,,,
instant_benefit_block_2,Zero phase,,ระยะที่ศูนย์,ゼロフェーズ,Fase cero,Fase Nol,ដំណាក់កាលសូន្យ,,শূন্য ধাপ,零阶段,零階段,Sıfır Aşaması,Phase zéro,Нулевая фаза,제로 단계,مرحله صفر,Fase Zero,Fase cero,,,,
instant_benefit_block_3,We all share profits together,,เราทุกคนแบ่งปันผลกำไรร่วมกัน,私たちは皆で利益を共有します,Todos compartimos las ganancias juntos,Kita semua berbagi keuntungan bersama,យើងទាំងអស់គ្នាចែករំលែកប្រាក់ចំណេញជាមួយគ្នា,,আমরা সবাই একসাথে লাভ ভাগ করি,我们一起共享利润,我們一起共享利潤,Hep birlikte kârı paylaşıyoruz,Nous partageons tous les profits ensemble,Мы все делим прибыль вместе,우리 모두 함께 수익을 공유합니다,همه ما سود را با هم به اشتراک می‌گذاریم,Todos nós compartilhamos os lucros juntos,Todos compartimos las ganancias juntos,,,,
instant_benefit_block_4,No challenges,,ไม่มีชาเลนจ์,チャレンジなし,Sin desafío,Tanpa challenge,គ្មាន Challenge,,কোনো চ্যালেঞ্জ নেই,无挑战,無挑戰,Challenge yok,Aucun challenge,Без челленджа,챌린지 없음,بدون چالش,Sem desafio,Sin desafío,,,,
instant_benefit_block_5,"<h4>For Newcomers</h4>
                                                        <div class=""cnt"">
                                                            <p>This is an angel venture model, you are given virtual funds starting from $25,000 USD up to $1,000,000 USD. Buying Power up to $ 100 million USD. Your trading activity on this virtual account is replicated in real-time by our exclusive algorithms to our live firm trading account, generating actual cash flow. That's why we cover your losses and share profits with you.</p>
                                                        </div>",,"<h4>สำหรับผู้เริ่มต้น</h4>
                                                        <div class=""cnt"">
                                                            <p>นี่คือโมเดลการลงทุนแบบ Angel Venture คุณจะได้รับเงินทุนเสมือนตั้งแต่ $25,000 USD ถึง $1,000,000 USD พร้อมกำลังซื้อสูงสุดถึง $100 ล้าน USD กิจกรรมการเทรดของคุณในบัญชีเสมือนนี้จะถูกจำลองแบบแบบเรียลไทม์โดยอัลกอริทึมเฉพาะของเราไปยังบัญชีเทรดจริงของบริษัท ซึ่งสร้างกระแสเงินสดจริง นั่นคือเหตุผลที่เราครอบคลุมการขาดทุนของคุณและแบ่งปันกำไรกับคุณ</p>
                                                        </div>","<h4>初心者向け</h4>
                                                        <div class=""cnt"">
                                                            <p>これはエンジェルベンチャー型のモデルです。$25,000 USD から $1,000,000 USD までの仮想資金が提供され、最大 $100 million USD の購買力を持ちます。この仮想口座でのあなたの取引活動は、当社の独自アルゴリズムによってリアルタイムで会社の実際の取引口座に複製され、実際のキャッシュフローを生み出します。そのため、私たちはあなたの損失をカバーし、利益をあなたと共有します。</p>
                                                        </div>","<h4>Para principiantes</h4>
                                                        <div class=""cnt"">
                                                            <p>Este es un modelo de inversión tipo angel venture. Se le otorgan fondos virtuales desde $25,000 USD hasta $1,000,000 USD, con un poder de compra de hasta $100 millones USD. Su actividad de trading en esta cuenta virtual se replica en tiempo real mediante nuestros algoritmos exclusivos en la cuenta real de trading de la empresa, generando flujo de efectivo real. Por eso cubrimos sus pérdidas y compartimos las ganancias con usted.</p>
                                                        </div>","<h4>Untuk Pemula</h4>
                                                        <div class=""cnt"">
                                                            <p>Ini adalah model angel venture. Anda diberikan dana virtual mulai dari $25,000 USD hingga $1,000,000 USD dengan daya beli hingga $100 juta USD. Aktivitas trading Anda pada akun virtual ini direplikasi secara real-time oleh algoritma eksklusif kami ke akun trading nyata perusahaan, menghasilkan arus kas nyata. Oleh karena itu kami menanggung kerugian Anda dan berbagi keuntungan dengan Anda.</p>
                                                        </div>","<h4>សម្រាប់អ្នកចាប់ផ្តើម</h4>
                                                        <div class=""cnt"">
                                                            <p>នេះគឺជាម៉ូឌែលវិនិយោគ Angel Venture។ អ្នកនឹងទទួលបានមូលនិធិវីរុយចាប់ពី $25,000 USD ដល់ $1,000,000 USD និងអំណាចទិញរហូតដល់ $100 million USD។ សកម្មភាពជួញដូររបស់អ្នកលើគណនីវីរុយនេះ នឹងត្រូវបានចម្លងជាបន្ទាន់ដោយអាល់ហ្គរីធម៍ពិសេសរបស់យើងទៅគណនីជួញដូរពិតរបស់ក្រុមហ៊ុន បង្កើតប្រាក់ចំណូលពិត។ ដូច្នេះយើងគ្របដណ្តប់ការខាតបង់របស់អ្នក និងចែករំលែកប្រាក់ចំណេញជាមួយអ្នក។</p>
                                                        </div>",,"<h4>নতুনদের জন্য</h4>
                                                        <div class=""cnt"">
                                                            <p>এটি একটি অ্যাঞ্জেল ভেঞ্চার মডেল। আপনাকে $25,000 USD থেকে $1,000,000 USD পর্যন্ত ভার্চুয়াল ফান্ড দেওয়া হয়, যার ক্রয় ক্ষমতা $100 মিলিয়ন USD পর্যন্ত হতে পারে। এই ভার্চুয়াল অ্যাকাউন্টে আপনার ট্রেডিং কার্যক্রম আমাদের এক্সক্লুসিভ অ্যালগরিদমের মাধ্যমে রিয়েল-টাইমে আমাদের কোম্পানির লাইভ ট্রেডিং অ্যাকাউন্টে প্রতিলিপি করা হয়, যা বাস্তব নগদ প্রবাহ তৈরি করে। তাই আমরা আপনার ক্ষতি কভার করি এবং লাভ আপনার সাথে ভাগ করি।</p>
                                                        </div>","<h4>适合新手</h4>
                                                        <div class=""cnt"">
                                                            <p>这是一个天使投资模式。您将获得从 $25,000 USD 到 $1,000,000 USD 的虚拟资金，购买力最高可达 $100,000,000 USD。您在该虚拟账户中的交易活动会通过我们的专属算法实时复制到公司的真实交易账户，从而产生真实现金流。因此我们承担您的亏损，并与您分享利润。</p>
                                                        </div>","<h4>適合新手</h4>
                                                        <div class=""cnt"">
                                                            <p>這是一種天使投資模式。您將獲得從 $25,000 USD 到 $1,000,000 USD 的虛擬資金，購買力最高可達 $100 million USD。您在此虛擬帳戶上的交易活動會由我們的專屬演算法即時複製到公司的真實交易帳戶，產生真實的現金流。因此我們承擔您的損失並與您分享利潤。</p>
                                                        </div>","<h4>Yeni Başlayanlar İçin</h4>
                                                        <div class=""cnt"">
                                                            <p>Bu bir melek yatırım modelidir. Size $25,000 USD ile $1,000,000 USD arasında sanal fon sağlanır. Alım gücü $100 milyon USD’ye kadar çıkabilir. Bu sanal hesaptaki işlem faaliyetleriniz, özel algoritmalarımız tarafından gerçek firma işlem hesabımıza gerçek zamanlı olarak kopyalanır ve gerçek nakit akışı oluşturur. Bu nedenle zararlarınızı biz karşılar ve kârı sizinle paylaşırız.</p>
                                                        </div>","<h4>Pour les débutants</h4>
                                                        <div class=""cnt"">
                                                            <p>Il s’agit d’un modèle de capital-risque de type angel. Vous recevez des fonds virtuels allant de $25,000 USD à $1,000,000 USD, avec un pouvoir d’achat pouvant atteindre $100 millions USD. Votre activité de trading sur ce compte virtuel est répliquée en temps réel par nos algorithmes exclusifs sur le compte de trading réel de notre société, générant un flux de trésorerie réel. C’est pourquoi nous couvrons vos pertes et partageons les profits avec vous.</p>
                                                        </div>","<h4>Для новичков</h4>
                                                        <div class=""cnt"">
                                                            <p>Это модель венчурных инвестиций типа angel venture. Вам предоставляются виртуальные средства от $25,000 USD до $1,000,000 USD с покупательной способностью до $100 миллионов USD. Ваша торговая активность на этом виртуальном счёте в реальном времени копируется нашими эксклюзивными алгоритмами на реальный торговый счёт компании, создавая реальный денежный поток. Поэтому мы покрываем ваши убытки и делимся прибылью с вами.</p>
                                                        </div>","<h4>초보자를 위한</h4>
                                                        <div class=""cnt"">
                                                            <p>이것은 엔젤 벤처 모델입니다. $25,000 USD에서 $1,000,000 USD까지의 가상 자금이 제공되며 최대 $100 million USD의 매수력을 제공합니다. 이 가상 계정에서의 거래 활동은 당사의 독점 알고리즘에 의해 실시간으로 회사의 실제 트레이딩 계정에 복제되어 실제 현금 흐름을 생성합니다. 그래서 우리는 귀하의 손실을 보전하고 이익을 함께 공유합니다.</p>
                                                        </div>","<h4>برای تازه‌واردان</h4>
                                                        <div class=""cnt"">
                                                            <p>این یک مدل سرمایه‌گذاری فرشته‌ای است. به شما سرمایه مجازی از $25,000 USD تا $1,000,000 USD داده می‌شود با قدرت خرید تا $100 میلیون USD. فعالیت معاملاتی شما در این حساب مجازی توسط الگوریتم‌های اختصاصی ما در زمان واقعی به حساب معاملاتی واقعی شرکت کپی می‌شود و جریان نقدی واقعی ایجاد می‌کند. به همین دلیل ما ضررهای شما را پوشش می‌دهیم و سود را با شما به اشتراک می‌گذاریم.</p>
                                                        </div>","<h4>Para iniciantes</h4>
                                                        <div class=""cnt"">
                                                            <p>Este é um modelo de investimento do tipo angel venture. Você recebe fundos virtuais de $25,000 USD até $1,000,000 USD, com poder de compra de até $100 milhões USD. Sua atividade de trading nesta conta virtual é replicada em tempo real por nossos algoritmos exclusivos para a conta real de trading da empresa, gerando fluxo de caixa real. Por isso cobrimos suas perdas e compartilhamos os lucros com você.</p>
                                                        </div>","<h3 class=""h4"">Para los recién llegados</h3>
                                                        <div class=""cnt"">
                                                            <p>Este es un modelo de empresa ángel que proporciona capital virtual desde $25,000 USD hasta $1,000,000 USD, con posibilidad de escalar hasta $100 millones USD según desempeño.</p>
                                                            <p>La actividad de trading en la cuenta virtual se replica en tiempo real mediante nuestros algoritmos exclusivos en una cuenta comercial real, generando flujo de caja real.</p>
                                                            <p>Bajo este modelo:</p>
                                                            <ul>
                                                                <li>Cubrimos las pérdidas operativas.</li>
                                                                <li>Compartimos los beneficios generados.</li>
                                                            </ul>
                                                        </div>",,,,
instant_benefit_block_6,"<h4>For Evaluating traders</h4><div class=""cnt""><p>We believe we provide the best evaluation environment because we don't limit trading styles.</p><ul><li>Zero Phase - No Challenges.</li><li>Allows news trading and unlimited <br>contract size.</li><li>We allow all trading styles: EA trading, copy trading, scalp trading and day trading.</li></ul></div>",,"<h4>สำหรับการประเมินเทรดเดอร์</h4><div class=""cnt""><p>เราเชื่อว่าเรามีสภาพแวดล้อมการประเมินที่ดี เพราะเราไม่จำกัดสไตล์การเทรด</p><ul><li>ไม่มีเฟส — ไม่ต้องมี Challenge</li><li>อนุญาตให้เทรดข่าวและขนาดสัญญาไม่จำกัด</li><li>รองรับทุกสไตล์: EA, copy trading, scalp และ day trading</li></ul></div>","<h4>トレーダー評価向け</h4><div class=""cnt""><p>当社は取引スタイルに制限を設けていないため、優れた評価環境を提供していると考えています。</p><ul><li>ゼロフェーズ — チャレンジ不要。</li><li>ニューストレードおよび無制限の契約サイズに対応。</li><li>すべての取引スタイルに対応：EA、コピートレード、スキャルピング、デイトレード。</li></ul></div>","<h4>Para evaluar traders</h4><div class=""cnt""><p>Creemos que ofrecemos un entorno de evaluación óptimo porque no limitamos los estilos de trading.</p><ul><li>Fase cero — sin desafíos.</li><li>Permite trading de noticias y tamaño de contrato ilimitado.</li><li>Se permiten todos los estilos: EA trading, copy trading, scalping y day trading.</li></ul></div>",,"<h4>សម្រាប់វាយតម្លៃអ្នកជួញដូរ</h4><div class=""cnt""><p>យើងជឿថាយើងផ្តល់បរិយាកាសវាយតម្លៃល្អ ព្រោះមិនកំណត់ស្ទាយល៍ជួញដូរ</p><ul><li>Zero Phase — មិនមាន Challenge</li><li>អនុញ្ញាតឱ្យជួញដូរព័ត៌មាន និងទំហំកុងត្រាមិនកំណត់</li><li>អនុញ្ញាតគ្រប់ស្ទាយល៍: EA, copy trading, scalp និង day trading</li></ul></div>",,"<h4>ট্রেডার মূল্যায়নের জন্য</h4><div class=""cnt""><p>আমরা বিশ্বাস করি আমরা সেরা মূল্যায়ন পরিবেশ প্রদান করি কারণ আমরা ট্রেডিং স্টাইল সীমাবদ্ধ করি না</p><ul><li>জিরো ফেজ — কোনো চ্যালেঞ্জ নেই</li><li>নিউজ ট্রেডিং এবং আনলিমিটেড কনট্রাক্ট সাইজ অনুমোদিত</li><li>সব স্টাইল অনুমোদিত: EA, কপি ট্রেডিং, স্ক্যাল্পিং এবং ডে ট্রেডিং</li></ul></div>","<h4>用于评估交易者</h4><div class=""cnt""><p>我们认为我们提供了优秀的评估环境，因为我们不限制交易方式。</p><ul><li>零阶段 — 无需挑战。</li><li>允许新闻交易及无限合约规模。</li><li>支持所有交易方式：EA交易、跟单交易、剥头皮交易和日内交易。</li></ul></div>","<h4>用於評估交易者</h4><div class=""cnt""><p>我們認為我們提供優質的評估環境，因為我們不限制交易方式。</p><ul><li>零階段 — 無需挑戰</li><li>允許新聞交易及無限合約規模</li><li>支援所有交易方式：EA、跟單、剝頭皮及日內交易</li></ul></div>","<h4>Trader Değerlendirmesi İçin</h4><div class=""cnt""><p>İşlem tarzlarını sınırlamadığımız için en iyi değerlendirme ortamını sunduğumuza inanıyoruz.</p><ul><li>Sıfır aşama — challenge yok.</li><li>Haber tradingine ve sınırsız kontrat büyüklüğüne izin verilir.</li><li>Tüm trading stillerine izin verilir: EA trading, copy trading, scalp trading ve day trading.</li></ul></div>","<h4>Pour l’évaluation des traders</h4><div class=""cnt""><p>Nous pensons offrir un environnement d’évaluation optimal car nous ne limitons pas les styles de trading.</p><ul><li>Zéro phase — aucun challenge.</li><li>Autorise le trading sur actualités et une taille de contrat illimitée.</li><li>Tous les styles sont autorisés : trading EA, copy trading, scalping et day trading.</li></ul></div>","<h4>Для оценки трейдеров</h4><div class=""cnt""><p>Мы считаем, что предоставляем оптимальную среду для оценки, так как не ограничиваем стили торговли.</p><ul><li>Нулевая фаза — без этапа Challenge.</li><li>Разрешена торговля на новостях и неограниченный размер контрактов.</li><li>Поддерживаются все стили: EA, копи-трейдинг, скальпинг и дейтрейдинг.</li></ul></div>","<h4>트레이더 평가용</h4><div class=""cnt""><p>트레이딩 스타일을 제한하지 않기 때문에 최적의 평가 환경을 제공한다고 생각합니다.</p><ul><li>제로 단계 — 챌린지 없음.</li><li>뉴스 트레이딩 및 무제한 계약 규모 허용.</li><li>모든 스타일 허용: EA 트레이딩, 카피 트레이딩, 스캘핑, 데이 트레이딩.</li></ul></div>","<h4>برای ارزیابی معامله‌گران</h4><div class=""cnt""><p>ما معتقدیم محیط ارزیابی مناسبی ارائه می‌دهیم زیرا سبک‌های معاملاتی را محدود نمی‌کنیم.</p><ul><li>مرحله صفر — بدون چالش</li><li>امکان معامله در زمان اخبار و اندازه قرارداد نامحدود</li><li>تمام سبک‌ها مجاز هستند: EA، کپی تریدینگ، اسکالپ و معاملات روزانه</li></ul></div>","<h4>Para avaliação de traders</h4><div class=""cnt""><p>Acreditamos que oferecemos um ambiente de avaliação ideal, pois não limitamos os estilos de trading.</p><ul><li>Fase zero — sem desafios</li><li>Permite trading de notícias e tamanho de contrato ilimitado</li><li>Todos os estilos são permitidos: EA, copy trading, scalping e day trading</li></ul></div>",,,,,
instant_funding_accountSize,Account Size,Quy mo tai khoan,ขนาดบัญชี,Account Size,Tamano de la cuenta,Ukuran Akun,Account Size,,Account Size,Account Size,Account Size,Account Size,Taille du compte,Account Size,Account Size,,Tamanho da Conta,,,,,
instant_funding_buyingPower,Buying Power,Suc mua,กำลังซื้อ,Buying Power,Poder de Compra,Poder de Compra,Buying Power,,Buying Power,Buying Power,Buying Power,Buying Power,Buying Power,Buying Power,Buying Power,,Poder de Compra,,,,,
instant_funding_capitalPackage,Capital Package,Goi von,เงินทุนแพ็กเกจ,Capital Package,Paquete de capital,Paket Modal,Capital Package,,Capital Package,Capital Package,Capital Package,Capital Package,Forfait de capital,Capital Package,Capital Package,,Pacote de capital,,,,,
instant_funding_comparison,Comparison,So sanh,เปรียบเทียบ,Comparison,Comparacion,Perbandingan,Comparison,,Comparison,Comparison,Comparison,Comparison,Comparaison,Comparison,Comparison,,Comparacao,,,,,
instant_funding_dailyLoss,Daily Loss,Lo toi da hang ngay,การขาดทุนรายวัน,Daily Loss,Perdida Diaria Maxima,Daily Loss,Daily Loss,,Daily Loss,Daily Loss,Daily Loss,Daily Loss,Daily Loss,Daily Loss,Daily Loss,,Perda Diaria,,,,,
instant_funding_faq,FAQs,Cau hoi thuong gap,คำถามที่พบบ่อย,FAQs,Preguntas Frecuentes,FAQs,FAQs,,FAQs,FAQs,FAQs,FAQs,FAQs,FAQs,FAQs,,Perguntas Frequentes,,,,,
instant_funding_freeSwap,Free-Swap,Mien phi swap,ฟรีค่าสวอป,Free-Swap,Libre de Swap,Free-Swap,Free-Swap,,Free-Swap,Free-Swap,Free-Swap,Free-Swap,Free-Swap,Free-Swap,Free-Swap,,Free-Swap,,,,,
instant_funding_freeTrial,Free Trial,Dung thu mien phi,ทดลองใช้ฟรี,Free Trial,Prueba Gratuita,Free Trial,Free Trial,,Free Trial,Free Trial,Free Trial,Free Trial,Free Trial,Free Trial,Free Trial,,Teste Gratuito,,,,,
instant_funding_maxLoss,Max Loss,Lo toi da,การขาดทุนสูงสุด,Max Loss,Perdida Maxima Total,Max Loss,Max Loss,,Max Loss,Max Loss,Max Loss,Max Loss,Max Loss,Max Loss,Max Loss,,Perda Maxima,,,,,
instant_funding_oneTimeFee,One-Time Fee,Phi mot lan,ค่าธรรมเนียมครั้งเดียว,One-Time Fee,Tarifa Unica,One-Time Fee,One-Time Fee,,One-Time Fee,One-Time Fee,One-Time Fee,One-Time Fee,One-Time Fee,One-Time Fee,One-Time Fee,,Taxa Unica,,,,,
instant_funding_package,Package,Goi,แพ็กเกจ,Package,Paquete,Paket,Package,,Package,Package,Package,Package,Forfait,Package,Package,,Pacote,,,,,
instant_funding_profitTargetToWithdraw,Profit Target To Withdraw,Muc tieu loi nhuan de rut,เป้าหมายกำไรสำหรับการถอน,Profit Target To Withdraw,Objetivo de Ganancia para Retiro,Profit Target To Withdraw,Profit Target To Withdraw,,Profit Target To Withdraw,Profit Target To Withdraw,Profit Target To Withdraw,Profit Target To Withdraw,Profit Target To Withdraw,Profit Target To Withdraw,Profit Target To Withdraw,,Meta de Lucro para Saque,,,,,
instant_funding_scaleUp,Scale Up Plan,Ke hoach tang von,แผนการขยายพอร์ต,Scale Up Plan,Plan de Escalamiento,Scale Up Plan,Scale Up Plan,,Scale Up Plan,Scale Up Plan,Scale Up Plan,Scale Up Plan,Scale Up Plan,Scale Up Plan,Scale Up Plan,,Plano de Crescimento,,,,,
instant_funding_swapFee,Swap Fee,Phi swap,ค่าธรรมเนียมสวอป,Swap Fee,Tarifa Swap,Swap Fee,Swap Fee,,Swap Fee,Swap Fee,Swap Fee,Swap Fee,Swap Fee,Swap Fee,Swap Fee,,Swap Fee,,,,,
instant_funding_titlePrefix,Choose Your Trading,Chon goi,เลือกแพ็กเกจ,Choose Your Trading,Elige tu,Pilih,Choose Your Trading,,Choose Your Trading,Choose Your Trading,Choose Your Trading,Choose Your Trading,Choisissez votre,Choose Your Trading,Choose Your Trading,,Escolha seu,,,,,
instant_funding_titleSuffix,Capital Package,von giao dich cua ban,เงินทุนสำหรับการเทรด,Capital Package,paquete de capital de trading,Paket Modal Trading Anda,Capital Package,,Capital Package,Capital Package,Capital Package,Capital Package,forfait de capital de trading,Capital Package,Capital Package,,pacote de capital de trading,,,,,
instant_funding_tryNow,Try Now,Thu ngay,ทดลองเทรดตอนนี้,Try Now,Probar Ahora,Try Now,Try Now,,Try Now,Try Now,Try Now,Try Now,Try Now,Try Now,Try Now,,Comece Agora,,,,,
instant_funding_weFundYou,we fund you,chung toi cap von cho ban,เราให้ทุนคุณ,we fund you,Prueba Gratuita,we fund you,we fund you,,we fund you,we fund you,we fund you,we fund you,we fund you,we fund you,we fund you,,Financiamos voce com,,,,,
instant_page_block_0,How it work,,วิธีการทำงาน,仕組み,Cómo funciona,Cara kerja,របៀបដំណើរការ,,এটি কীভাবে কাজ করে,运作方式,運作方式,Nasıl çalışır,Comment ça fonctionne,Как это работает,작동 방식,نحوه کارکرد,Como funciona,,,,,
instant_page_block_1,<h3>How <span>Instant Funding </span>Works</h3>,,<h3>แพ็กเกจ <span>Instant Funding <br></span>ทำงานอย่างไร</h3>,<h3><span>Instant Funding <br>パッケージ</span>の仕組み</h3>,<h3>Cómo funciona el <span>Paquete de <br>Instant Funding</span></h3>,,<h3><span>កញ្ចប់ Instant Funding <br></span>ដំណើរការយ៉ាងដូចម្តេច</h3>,,<h3><span>Instant Funding <br>প্যাকেজ</span> কীভাবে কাজ করে</h3>,<h3><span>即时资金 <br>套餐</span>如何运作</h3>,<h3><span>Instant Funding <br>套裝</span>如何運作</h3>,<h3><span>Anında Fonlama <br>Paketi</span> Nasıl Çalışır</h3>,<h3>Comment fonctionne le <span>Package <br>Instant Funding</span></h3>,<h3>Как работает <span>пакет <br>Instant Funding</span></h3>,<h3><span>Instant Funding <br>패키지</span>는 어떻게 작동하나요</h3>,<h3><span>بسته تأمین مالی فوری <br></span> چگونه کار می‌کند</h3>,<h3>Como funciona o <span>Pacote de <br>Instant Funding</span></h3>,,,,,
instant_page_block_10,Package,,แพ็กเกจ,パッケージ,Paquete,Paket,កញ្ចប់,,প্যাকেজ,套餐,套餐,Paket,Forfait,Пакет,패키지,پکیج,Pacote,Paquete,,,,
instant_page_block_11,<h3>Choose Your Trading <span>Capital Package</span></h3>,,<h3>เลือกแพ็กเกจ <span>เงินทุนสำหรับการเทรด</span></h3>,<h3>あなたの<span>トレーディング資金パッケージ</span>を選択</h3>,<h3>Elige tu <span>paquete de capital de trading</span></h3>,<h3>Pilih <span>Paket Modal Trading</span> Anda</h3>,<h3>ជ្រើសរើស <span>កញ្ចប់មូលធនសម្រាប់ជួញដូរ</span></h3>,,<h3>আপনার <span>ট্রেডিং ক্যাপিটাল প্যাকেজ</span> নির্বাচন করুন</h3>,<h3>选择您的 <span>交易资金套餐</span></h3>,<h3>選擇您的<span>交易資金方案</span></h3>,<h3><span>İşlem Sermayesi</span> Paketinizi Seçin</h3>,<h3>Choisissez votre <span>forfait de capital de trading</span></h3>,<h3>Выберите <span>пакет торгового капитала</span></h3>,<h3><span>트레이딩 자본</span> 패키지를 선택하세요</h3>,<h3>بسته <span>سرمایه معاملاتی</span> خود را انتخاب کنید</h3>,<h3>Escolha seu <span>pacote de capital de trading</span></h3>,"<h1 class=""h3"">Elige tu <span>paquete de capital de trading</span></h1>",<h3>Elige tu <span>paquete de capital de trading</span></h3>,,,
instant_page_block_12,Capital Package,,แพ็กเกจเงินทุน,資金パッケージ,Paquete de capital,Paket Modal,កញ្ចប់មូលធន,,ক্যাপিটাল প্যাকেজ,资金套餐,資金方案,Sermaye Paketi,Forfait de capital,Пакет капитала,자본 패키지,بسته سرمایه,Pacote de capital,Paquete de capital,Paquete de capital,,,
instant_page_block_13,Comparison,,เปรียบเทียบ,比較,Comparación,Perbandingan,ប្រៀបធៀប,,তুলনা,比较,比較,Karşılaştırma,Comparaison,Сравнение,비교,مقایسه,Comparação,Comparación,Comparación,,,
instant_page_block_14,Account Size,,ขนาดบัญชี,口座サイズ,Tamaño de la cuenta,Ukuran Akun,ទំហំគណនី,,অ্যাকাউন্টের আকার,账户规模,帳戶規模,Hesap Büyüklüğü,Taille du compte,Размер счета,계좌 규모,اندازه حساب,Tamanho da Conta,Tamaño de la cuenta,,,,
instant_page_block_2,"WeMasterTrade is designed to support people who do not have big money to create a large day trading account, lack trading experience, and have limited trading tools and resources.",,WeMasterTrade ถูกออกแบบมาเพื่อสนับสนุนผู้ที่ไม่มีเงินทุนจำนวนมากในการสร้างบัญชีเทรดรายวันขนาดใหญ่ ขาดประสบการณ์ในการเทรด และมีเครื่องมือและทรัพยากรในการเทรดอย่างจำกัด,WeMasterTrade は、大きなデイトレード口座を作るための資金がない人、取引経験が不足している人、そして取引ツールやリソースが限られている人を支援するために設計されています,"WeMasterTrade está diseñado para apoyar a las personas que no tienen grandes capitales para crear una cuenta grande de day trading, carecen de experiencia en trading y cuentan con herramientas y recursos limitados","WeMasterTrade dirancang untuk mendukung orang-orang yang tidak memiliki modal besar untuk membuat akun day trading besar, kurang pengalaman trading, dan memiliki alat serta sumber daya trading yang terbatas",WeMasterTrade ត្រូវបានរចនាឡើងដើម្បីគាំទ្រអ្នកដែលមិនមានទុនធំសម្រាប់បង្កើតគណនីជួញដូរប្រចាំថ្ងៃធំ ខ្វះបទពិសោធន៍ក្នុងការជួញដូរ និងមានឧបករណ៍និងធនធានជួញដូរមានកំណត់,,"WeMasterTrade এমন মানুষের জন্য তৈরি যারা বড় ডে ট্রেডিং অ্যাকাউন্ট তৈরির মতো বড় মূলধন নেই, ট্রেডিং অভিজ্ঞতা কম এবং ট্রেডিং টুল ও রিসোর্স সীমিত",WeMasterTrade 旨在支持那些没有大量资金建立大型日内交易账户、缺乏交易经验以及交易工具和资源有限的人,WeMasterTrade 旨在支持那些沒有大量資金建立大型日內交易帳戶、缺乏交易經驗以及交易工具和資源有限的人,"WeMasterTrade, büyük bir gün içi işlem hesabı oluşturacak büyük sermayesi olmayan, işlem deneyimi eksik olan ve sınırlı işlem araçları ile kaynaklara sahip kişileri desteklemek için tasarlanmıştır","WeMasterTrade est conçu pour soutenir les personnes qui ne disposent pas de capitaux importants pour créer un grand compte de trading journalier, qui manquent d’expérience en trading et qui disposent d’outils et de ressources limités","WeMasterTrade создан для поддержки людей, у которых нет большого капитала для создания крупного счета для дневной торговли, недостаточно торгового опыта и ограничены торговые инструменты и ресурсы","WeMasterTrade는 큰 규모의 데이 트레이딩 계좌를 만들 자금이 부족하고, 거래 경험이 부족하며, 거래 도구와 자원이 제한된 사람들을 지원하기 위해 설계되었습니다",WeMasterTrade برای حمایت از افرادی طراحی شده است که سرمایه زیادی برای ایجاد یک حساب بزرگ معاملات روزانه ندارند، تجربه معاملاتی کمی دارند و ابزارها و منابع معاملاتی محدودی در اختیار دارند,"O WeMasterTrade foi projetado para apoiar pessoas que não possuem muito capital para criar uma grande conta de day trading, têm pouca experiência em trading e contam com ferramentas e recursos de trading limitados","WeMasterTrade está diseñado para apoyar a personas que no cuentan con capital suficiente para crear una cuenta grande de day trading, o que no tienen experiencia ni herramientas de trading avanzadas.<br><br>Si te tomaría más de 12 meses ahorrar $10,000 USD para abrir una cuenta con acceso limitado al mercado, altas comisiones y ejecución lenta, ¿por qué no empezar de inmediato con WeMasterTrade?<br><br>Pagas una pequeña Fee de activación, comienzas a operar de forma inmediata y generas retornos según tu desempeño.",,,,
instant_page_block_3,Watch video,,ดูวิดีโอ,動画を見る,Ver video,Tonton video,មើលវីដេអូ,,ভিডিও দেখুন,观看视频,觀看影片,Videoyu izle,Regarder la vidéo,Смотреть видео,영상 보기,مشاهده ویدیو,Assistir vídeo,Ver video,,,,
instant_page_block_4,Step 1,,ขั้นตอนที่ 1,ステップ 1,Paso 1,Langkah 1,ជំហាន 1,,ধাপ ১,步骤 1,步驟 1,Adım 1,Étape 1,Шаг 1,1단계,مرحله 1,Passo 1,PASO 1,,,,
instant_page_block_5,"<h4>Fill the discovery form</h4><ul><li>Check the Instant package comparison to choose the option that best fits your trading goals: <a href=""",,"<h4>กรอกแบบฟอร์มสำรวจ</h4><ul><li>ตรวจสอบการเปรียบเทียบแพ็กเกจ Instant เพื่อเลือกตัวเลือกที่เหมาะกับเป้าหมายการเทรดของคุณมากที่สุด: <a href=""","<h4>ディスカバリーフォームに入力してください</h4><ul><li>取引目標に最適なプランを選ぶために、Instantパッケージの比較をご確認ください：<a href=""","<h4>Complete el formulario de descubrimiento</h4><ul><li>Consulte la comparación de paquetes Instant para elegir la opción que mejor se adapte a sus objetivos de trading: <a href=""",,"<h4>បំពេញទម្រង់ស្វែងរក</h4><ul><li>ពិនិត្យការប្រៀបធៀបកញ្ចប់ Instant ដើម្បីជ្រើសរើសជម្រើសដែលសមស្របបំផុតសម្រាប់គោលដៅជួញដូររបស់អ្នក: <a href=""",,"<h4>ডিসকভারি ফর্ম পূরণ করুন</h4><ul><li>আপনার ট্রেডিং লক্ষ্যের সাথে সবচেয়ে উপযুক্ত অপশনটি বেছে নিতে Instant প্যাকেজ তুলনা দেখুন: <a href=""","<h4>填写探索表单</h4><ul><li>查看即时套餐对比，选择最符合您交易目标的方案：<a href=""","<h4>填寫探索表單</h4><ul><li>查看即時套餐比較，選擇最適合您交易目標的方案：<a href=""","<h4>Keşif formunu doldurun</h4><ul><li>İşlem hedeflerinize en uygun seçeneği belirlemek için Anlık paket karşılaştırmasını inceleyin: <a href=""","<h4>Remplissez le formulaire de découverte</h4><ul><li>Consultez la comparaison des forfaits Instant pour choisir l’option qui correspond le mieux à vos objectifs de trading : <a href=""","<h4>Заполните форму</h4><ul><li>Ознакомьтесь с сравнением пакетов Instant, чтобы выбрать вариант, который лучше всего соответствует вашим торговым целям: <a href=""","<h4>디스커버리 폼을 작성하세요</h4><ul><li>거래 목표에 가장 적합한 옵션을 선택하려면 Instant 패키지 비교를 확인하세요: <a href=""","<h4>فرم بررسی را تکمیل کنید</h4><ul><li>برای انتخاب بهترین گزینه متناسب با اهداف معاملاتی خود، مقایسه پکیج‌های Instant را بررسی کنید: <a href=""","<h4>Preencha o formulário de descoberta</h4><ul><li>Confira a comparação dos pacotes Instant para escolher a opção que melhor se adapta aos seus objetivos de trading: <a href=""",,,,,
instant_page_block_6,Step 2,,ขั้นตอนที่ 2,ステップ 2,Paso 2,Langkah 2,ជំហាន 2,,ধাপ ২,步骤 2,步驟 2,Adım 2,Étape 2,Шаг 2,2단계,مرحله 2,Passo 2,Paso 2,,,,
instant_page_block_7,"<h4>Select the packages</h4>
                                                <ul>
                                                    <li>Please select the most suitable
                                                        <br class=""pc"">conditions for you, including:
                                                        <br>
                                                        <ul class=""ul__sub"" style=""margin-left:0"">
                                                            <li>Balance amount</li>
                                                            <li>Buying power (Leverage)</li>
                                                            <li>Daily loss/pause</li>
                                                            <li>Maximum loss</li>
                                                        </ul>
                                                    </li>
                                                    <li>Purchase it and sign the e-contract to activate the virtual trading account.</li>
                                                </ul>",,"<h4>เลือกแพ็กเกจ</h4>
                                                <ul>
                                                    <li>โปรดเลือกเงื่อนไขที่เหมาะสมที่สุดสำหรับคุณ ซึ่งรวมถึง:
                                                        <br class=""pc"">
                                                        <br>
                                                        <ul class=""ul__sub"" style=""margin-left:0"">
                                                            <li>จำนวนเงินคงเหลือ</li>
                                                            <li>กำลังซื้อ (เลเวอเรจ)</li>
                                                            <li>การขาดทุนรายวัน/หยุดการเทรด</li>
                                                            <li>การขาดทุนสูงสุด</li>
                                                        </ul>
                                                    </li>
                                                    <li>ซื้อแพ็กเกจและลงนามในสัญญาอิเล็กทรอนิกส์เพื่อเปิดใช้งานบัญชีเทรดเสมือนจริง</li>
                                                </ul>","<h4>パッケージを選択してください</h4>
                                                <ul>
                                                    <li>以下を含む、あなたに最も適した条件を選択してください:
                                                        <br class=""pc"">
                                                        <br>
                                                        <ul class=""ul__sub"" style=""margin-left:0"">
                                                            <li>残高金額</li>
                                                            <li>購買力（レバレッジ）</li>
                                                            <li>日次損失/一時停止</li>
                                                            <li>最大損失</li>
                                                        </ul>
                                                    </li>
                                                    <li>購入し、電子契約に署名して仮想取引口座を有効化してください。</li>
                                                </ul>","<h4>Seleccione los paquetes</h4>
                                                <ul>
                                                    <li>Seleccione las condiciones más adecuadas para usted, incluyendo:
                                                        <br class=""pc"">
                                                        <br>
                                                        <ul class=""ul__sub"" style=""margin-left:0"">
                                                            <li>Monto del saldo</li>
                                                            <li>Poder de compra (Apalancamiento)</li>
                                                            <li>Pérdida diaria/pausa</li>
                                                            <li>Pérdida máxima</li>
                                                        </ul>
                                                    </li>
                                                    <li>Cómprelo y firme el contrato electrónico para activar la cuenta de trading virtual.</li>
                                                </ul>","<h4>Pilih paket</h4>
                                                <ul>
                                                    <li>Silakan pilih kondisi yang paling sesuai untuk Anda, termasuk:
                                                        <br class=""pc"">
                                                        <br>
                                                        <ul class=""ul__sub"" style=""margin-left:0"">
                                                            <li>Jumlah saldo</li>
                                                            <li>Daya beli (Leverage)</li>
                                                            <li>Kerugian harian/jeda</li>
                                                            <li>Kerugian maksimum</li>
                                                        </ul>
                                                    </li>
                                                    <li>Beli dan tanda tangani e-contract untuk mengaktifkan akun trading virtual.</li>
                                                </ul>","<h4>ជ្រើសរើសកញ្ចប់</h4>
                                                <ul>
                                                    <li>សូមជ្រើសរើសលក្ខខណ្ឌដែលសមស្របបំផុតសម្រាប់អ្នក រួមមាន:
                                                        <br class=""pc"">
                                                        <br>
                                                        <ul class=""ul__sub"" style=""margin-left:0"">
                                                            <li>ចំនួនសមតុល្យ</li>
                                                            <li>អំណាចទិញ (Leverage)</li>
                                                            <li>ការខាតបង់ប្រចាំថ្ងៃ/ផ្អាក</li>
                                                            <li>ការខាតបង់អតិបរមា</li>
                                                        </ul>
                                                    </li>
                                                    <li>ទិញវា និងចុះហត្ថលេខាលើកិច្ចសន្យាអេឡិចត្រូនិក ដើម្បីធ្វើឱ្យគណនីជួញដូរនិម្មិតសកម្ម។</li>
                                                </ul>",,"<h4>প্যাকেজ নির্বাচন করুন</h4>
                                                <ul>
                                                    <li>অনুগ্রহ করে আপনার জন্য সবচেয়ে উপযুক্ত শর্তগুলো নির্বাচন করুন, যার মধ্যে রয়েছে:
                                                        <br class=""pc"">
                                                        <br>
                                                        <ul class=""ul__sub"" style=""margin-left:0"">
                                                            <li>ব্যালেন্সের পরিমাণ</li>
                                                            <li>ক্রয়ক্ষমতা (লিভারেজ)</li>
                                                            <li>দৈনিক ক্ষতি/বিরতি</li>
                                                            <li>সর্বোচ্চ ক্ষতি</li>
                                                        </ul>
                                                    </li>
                                                    <li>এটি ক্রয় করুন এবং ভার্চুয়াল ট্রেডিং অ্যাকাউন্ট সক্রিয় করতে ই-কন্ট্রাক্টে স্বাক্ষর করুন।</li>
                                                </ul>","<h4>选择套餐</h4>
                                                <ul>
                                                    <li>请选择最适合您的条件，包括：
                                                        <br class=""pc"">
                                                        <br>
                                                        <ul class=""ul__sub"" style=""margin-left:0"">
                                                            <li>余额金额</li>
                                                            <li>购买力（杠杆）</li>
                                                            <li>每日亏损/暂停</li>
                                                            <li>最大亏损</li>
                                                        </ul>
                                                    </li>
                                                    <li>购买后签署电子合同，以激活虚拟交易账户。</li>
                                                </ul>","<h4>選擇方案</h4>
                                                <ul>
                                                    <li>請選擇最適合您的條件，包括：
                                                        <br class=""pc"">
                                                        <br>
                                                        <ul class=""ul__sub"" style=""margin-left:0"">
                                                            <li>餘額金額</li>
                                                            <li>購買力（槓桿）</li>
                                                            <li>每日虧損/暫停</li>
                                                            <li>最大虧損</li>
                                                        </ul>
                                                    </li>
                                                    <li>購買後並簽署電子合約，以啟用虛擬交易帳戶。</li>
                                                </ul>","<h4>Paketleri seçin</h4>
                                                <ul>
                                                    <li>Lütfen sizin için en uygun koşulları seçin, bunlar şunları içerir:
                                                        <br class=""pc"">
                                                        <br>
                                                        <ul class=""ul__sub"" style=""margin-left:0"">
                                                            <li>Bakiye tutarı</li>
                                                            <li>Alım gücü (Kaldıraç)</li>
                                                            <li>Günlük kayıp/durdurma</li>
                                                            <li>Maksimum kayıp</li>
                                                        </ul>
                                                    </li>
                                                    <li>Satın alın ve sanal işlem hesabını etkinleştirmek için e-sözleşmeyi imzalayın.</li>
                                                </ul>","<h4>Sélectionnez les forfaits</h4>
                                                <ul>
                                                    <li>Veuillez sélectionner les conditions les plus adaptées pour vous, notamment :
                                                        <br class=""pc"">
                                                        <br>
                                                        <ul class=""ul__sub"" style=""margin-left:0"">
                                                            <li>Montant du solde</li>
                                                            <li>Pouvoir d’achat (Effet de levier)</li>
                                                            <li>Perte quotidienne/pause</li>
                                                            <li>Perte maximale</li>
                                                        </ul>
                                                    </li>
                                                    <li>Achetez-le et signez le contrat électronique pour activer le compte de trading virtuel.</li>
                                                </ul>","<h4>Выберите пакеты</h4>
                                                <ul>
                                                    <li>Пожалуйста, выберите наиболее подходящие для вас условия, включая:
                                                        <br class=""pc"">
                                                        <br>
                                                        <ul class=""ul__sub"" style=""margin-left:0"">
                                                            <li>Сумма баланса</li>
                                                            <li>Покупательная способность (Кредитное плечо)</li>
                                                            <li>Дневной убыток/пауза</li>
                                                            <li>Максимальный убыток</li>
                                                        </ul>
                                                    </li>
                                                    <li>Приобретите пакет и подпишите электронный договор, чтобы активировать виртуальный торговый счет.</li>
                                                </ul>","<h4>패키지를 선택하세요</h4>
                                                <ul>
                                                    <li>다음을 포함하여 본인에게 가장 적합한 조건을 선택해 주세요:
                                                        <br class=""pc"">
                                                        <br>
                                                        <ul class=""ul__sub"" style=""margin-left:0"">
                                                            <li>잔액 금액</li>
                                                            <li>매수 가능 금액(레버리지)</li>
                                                            <li>일일 손실/중지</li>
                                                            <li>최대 손실</li>
                                                        </ul>
                                                    </li>
                                                    <li>구매 후 전자계약서에 서명하여 가상 거래 계정을 활성화하세요.</li>
                                                </ul>","<h4>بسته‌ها را انتخاب کنید</h4>
                                                <ul>
                                                    <li>لطفاً مناسب‌ترین شرایط را برای خود انتخاب کنید، شامل:
                                                        <br class=""pc"">
                                                        <br>
                                                        <ul class=""ul__sub"" style=""margin-left:0"">
                                                            <li>مقدار موجودی</li>
                                                            <li>قدرت خرید (اهرم)</li>
                                                            <li>زیان روزانه/توقف</li>
                                                            <li>حداکثر زیان</li>
                                                        </ul>
                                                    </li>
                                                    <li>آن را خریداری کرده و قرارداد الکترونیکی را امضا کنید تا حساب معاملاتی مجازی فعال شود.</li>
                                                </ul>","<h4>Selecione os pacotes</h4>
                                                <ul>
                                                    <li>Por favor, selecione as condições mais adequadas para você, incluindo:
                                                        <br class=""pc"">
                                                        <br>
                                                        <ul class=""ul__sub"" style=""margin-left:0"">
                                                            <li>Valor do saldo</li>
                                                            <li>Poder de compra (Alavancagem)</li>
                                                            <li>Perda diária/pausa</li>
                                                            <li>Perda máxima</li>
                                                        </ul>
                                                    </li>
                                                    <li>Compre e assine o contrato eletrônico para ativar a conta de trading virtual.</li>
                                                </ul>","<h3 class=""h4"">Selecciona tu paquete</h3>
                                                <ul>
                                                    <li>Elige las condiciones más adecuadas para ti, incluyendo:
                                                        <br>
                                                        <ul class=""ul__sub"" style=""margin-left:0"">
                                                            <li>Balance de cuenta</li>
                                                            <li>Poder de compra (Leverage)</li>
                                                            <li>Límite de pérdida diaria</li>
                                                            <li>Límite de pérdida máxima</li>
                                                        </ul>
                                                    </li>
                                                    <li>Realiza el pago y firma el e-contrato para activar tu cuenta de trading virtual.</li>
                                                    <li>Ir a paquetes.</li>
                                                </ul>","<h4>Selecciona los paquetes</h4>
                                                <ul>
                                                    <li>Por favor selecciona las condiciones más adecuadas para ti, incluyendo:
                                                        <br class=""pc"">
                                                        <br>
                                                        <ul class=""ul__sub"" style=""margin-left:0"">
                                                            <li>Monto del balance</li>
                                                            <li>Poder de compra (Apalancamiento)</li>
                                                            <li>Pérdida diaria/pausa</li>
                                                            <li>Pérdida máxima</li>
                                                        </ul>
                                                    </li>
                                                    <li>Cómpralo y firma el contrato electrónico para activar la cuenta de trading virtual.</li>
                                                </ul>",,,
instant_page_block_8,Step 3,,ขั้นตอนที่ 3,ステップ 3,Paso 3,Langkah 3,ជំហាន 3,,ধাপ ৩,步骤 3,步驟 3,Adım 3,Étape 3,Шаг 3,3단계,مرحله 3,Passo 3,Paso 3,,,,
instant_page_block_9,"<h4>Trading and Withdrawal</h4>
                                                <ul>
                                                    <li>You start trading, please make sure you follow our trading rules (daily loss / max loss) of the specified package. Meet profit conditions, such as achieving a profit target ranging from 6% to 10% depending on the package deal. Read our <a href=""https://faq.wemastertrade.com/"" target=""_blank"">FAQ</a>
                                                    </li>
                                                </ul>",,"<h4>การเทรดและการถอนเงิน</h4>
                                                <ul>
                                                    <li>เมื่อคุณเริ่มเทรด โปรดตรวจสอบให้แน่ใจว่าคุณปฏิบัติตามกฎการเทรดของเรา (การขาดทุนรายวัน / การขาดทุนสูงสุด) ตามแพ็กเกจที่กำหนด และต้องเป็นไปตามเงื่อนไขกำไร เช่น บรรลุเป้าหมายกำไรตั้งแต่ 6% ถึง 10% ขึ้นอยู่กับแพ็กเกจ กรุณาอ่าน <a href=""https://faq.wemastertrade.com/"" target=""_blank"">FAQ</a>
                                                    </li>
                                                </ul>","<h4>取引と出金</h4>
                                                <ul>
                                                    <li>取引を開始する際は、選択したパッケージの取引ルール（1日の損失 / 最大損失）を必ず遵守してください。また、パッケージに応じて 6%～10% の利益目標を達成するなどの利益条件を満たす必要があります。詳細は <a href=""https://faq.wemastertrade.com/"" target=""_blank"">FAQ</a> をご確認ください。
                                                    </li>
                                                </ul>","<h4>Trading y retiro</h4>
                                                <ul>
                                                    <li>Cuando comience a operar, asegúrese de seguir nuestras reglas de trading (pérdida diaria / pérdida máxima) del paquete especificado. También debe cumplir con las condiciones de beneficio, como alcanzar un objetivo de ganancia del 6 % al 10 % según el paquete. Lea nuestro <a href=""https://faq.wemastertrade.com/"" target=""_blank"">FAQ</a>.
                                                    </li>
                                                </ul>","<h4>Trading dan Penarikan</h4>
                                                <ul>
                                                    <li>Saat Anda mulai trading, pastikan Anda mengikuti aturan trading kami (kerugian harian / kerugian maksimum) sesuai paket yang dipilih. Anda juga harus memenuhi kondisi profit, seperti mencapai target keuntungan antara 6% hingga 10% tergantung paket. Silakan baca <a href=""https://faq.wemastertrade.com/"" target=""_blank"">FAQ</a>.
                                                    </li>
                                                </ul>","<h4>ការជួញដូរ និងការដកប្រាក់</h4>
                                                <ul>
                                                    <li>នៅពេលអ្នកចាប់ផ្តើមជួញដូរ សូមប្រាកដថាអ្នកគោរពតាមច្បាប់ជួញដូររបស់យើង (ការខាតបង់ប្រចាំថ្ងៃ / ការខាតបង់អតិបរមា) តាមកញ្ចប់ដែលបានជ្រើសរើស។ ហើយត្រូវបំពេញលក្ខខណ្ឌប្រាក់ចំណេញ ដូចជាការសម្រេចគោលដៅប្រាក់ចំណេញចន្លោះពី 6% ដល់ 10% អាស្រ័យលើកញ្ចប់។ សូមអាន <a href=""https://faq.wemastertrade.com/"" target=""_blank"">FAQ</a> របស់យើង។
                                                    </li>
                                                </ul>",,"<h4>ট্রেডিং এবং উত্তোলন</h4>
                                                <ul>
                                                    <li>আপনি যখন ট্রেডিং শুরু করবেন, দয়া করে নিশ্চিত করুন যে আপনি নির্বাচিত প্যাকেজের ট্রেডিং নিয়ম (দৈনিক ক্ষতি / সর্বোচ্চ ক্ষতি) অনুসরণ করছেন। এছাড়াও লাভের শর্ত পূরণ করতে হবে, যেমন প্যাকেজ অনুযায়ী 6% থেকে 10% লাভের লক্ষ্য অর্জন করা। আমাদের <a href=""https://faq.wemastertrade.com/"" target=""_blank"">FAQ</a> পড়ুন।
                                                    </li>
                                                </ul>","<h4>交易与提现</h4>
                                                <ul>
                                                    <li>开始交易时，请确保遵守所选套餐规定的交易规则（每日亏损 / 最大亏损）。并满足盈利条件，例如根据套餐不同，实现 6% 至 10% 的盈利目标。请阅读我们的 <a href=""https://faq.wemastertrade.com/"" target=""_blank"">FAQ</a>
                                                    </li>
                                                </ul>","<h4>交易與提款</h4>
                                                <ul>
                                                    <li>當您開始交易時，請確保遵守所選套餐的交易規則（每日虧損 / 最大虧損）。並需達到盈利條件，例如根據套餐不同，達成 6% 至 10% 的盈利目標。請閱讀我們的 <a href=""https://faq.wemastertrade.com/"" target=""_blank"">FAQ</a>。
                                                    </li>
                                                </ul>","<h4>İşlem ve Para Çekme</h4>
                                                <ul>
                                                    <li>İşleme başladığınızda, lütfen seçtiğiniz paketin işlem kurallarına (günlük kayıp / maksimum kayıp) uyduğunuzdan emin olun. Ayrıca kâr şartlarını karşılamalısınız; örneğin pakete bağlı olarak %6 ile %10 arasında bir kâr hedefi elde etmek. Daha fazla bilgi için <a href=""https://faq.wemastertrade.com/"" target=""_blank"">FAQ</a> sayfamızı okuyun.
                                                    </li>
                                                </ul>","<h4>Trading et retrait</h4>
                                                <ul>
                                                    <li>Lorsque vous commencez à trader, veuillez vous assurer de respecter nos règles de trading (perte quotidienne / perte maximale) du forfait sélectionné. Vous devez également atteindre les conditions de profit, comme un objectif de profit allant de 6 % à 10 % selon le forfait. Veuillez consulter notre <a href=""https://faq.wemastertrade.com/"" target=""_blank"">FAQ</a>.
                                                    </li>
                                                </ul>","<h4>Торговля и вывод средств</h4>
                                                <ul>
                                                    <li>Начиная торговлю, убедитесь, что вы соблюдаете наши правила торговли (дневной убыток / максимальный убыток) выбранного пакета. Также необходимо выполнить условия прибыли, например достичь цели прибыли от 6% до 10% в зависимости от пакета. Ознакомьтесь с нашим <a href=""https://faq.wemastertrade.com/"" target=""_blank"">FAQ</a>.
                                                    </li>
                                                </ul>","<h4>거래 및 출금</h4>
                                                <ul>
                                                    <li>거래를 시작할 때 선택한 패키지의 거래 규칙(일일 손실 / 최대 손실)을 반드시 준수해야 합니다. 또한 패키지에 따라 6%~10%의 수익 목표 달성과 같은 수익 조건을 충족해야 합니다. 자세한 내용은 <a href=""https://faq.wemastertrade.com/"" target=""_blank"">FAQ</a>를 참고하세요.
                                                    </li>
                                                </ul>","<h4>معامله و برداشت</h4>
                                                <ul>
                                                    <li>وقتی معامله را شروع می‌کنید، لطفاً مطمئن شوید که از قوانین معاملاتی ما (زیان روزانه / حداکثر زیان) طبق بسته انتخابی پیروی می‌کنید. همچنین باید شرایط سود را برآورده کنید، مانند دستیابی به هدف سود بین ۶٪ تا ۱۰٪ بسته به نوع بسته. لطفاً <a href=""https://faq.wemastertrade.com/"" target=""_blank"">FAQ</a> ما را مطالعه کنید.
                                                    </li>
                                                </ul>","<h4>Trading e Saque</h4>
                                                <ul>
                                                    <li>Ao começar a operar, certifique-se de seguir nossas regras de trading (perda diária / perda máxima) do pacote selecionado. Também é necessário cumprir as condições de lucro, como atingir uma meta de lucro entre 6% e 10%, dependendo do pacote. Leia nosso <a href=""https://faq.wemastertrade.com/"" target=""_blank"">FAQ</a>.
                                                    </li>
                                                </ul>","<h3 class=""h4"">Opera y solicita retiros</h3>
                                                <ul>
                                                    <li>Comienza a operar respetando las reglas del paquete seleccionado (límite de pérdida diaria y pérdida máxima).</li>
                                                    <li>Cumple las condiciones establecidas, como el objetivo de beneficio que puede variar entre 6% y 10% según el plan.</li>
                                                    <li>Revisa nuestro <a href=""https://faq.wemastertrade.com/"" target=""_blank"">FAQ</a> aquí.
                                                    </li>
                                                </ul>","<h4>Trading y retiro</h4>
                                                <ul>
                                                    <li>Cuando empiece a operar, asegúrese de seguir nuestras reglas de trading (pérdida diaria / pérdida máxima) del paquete seleccionado. También debe cumplir con las condiciones de ganancia, como alcanzar un objetivo de beneficio del 6 % al 10 % dependiendo del paquete. Consulte nuestro <a href=""https://faq.wemastertrade.com/"" target=""_blank"">FAQ</a>.
                                                    </li>
                                                </ul>",,,
instant_unique_block_0,Why choose?,,ทำไมต้องเลือก?,なぜ選ぶ？,¿Por qué elegir?,Mengapa memilih?,ហេតុអ្វីជ្រើសរើស?,,কেন নির্বাচন করবেন?,为什么选择？,為什麼選擇？,Neden seçmelisiniz?,Pourquoi choisir ?,Почему выбрать?,왜 선택해야 할까요?,چرا انتخاب کنیم؟,Por que escolher?,¿Por qué elegir?,,,,
instant_unique_block_1,<h3>Why we are <span>Unique</span></h3>,,<h3>ทำไมเราถึง<span>โดดเด่น</span></h3>,<h3>私たちが<span>ユニーク</span>な理由</h3>,<h3>Por qué somos <span>únicos</span></h3>,<h3>Mengapa kami <span>unik</span></h3>,<h3>ហេតុអ្វីបានជា​យើង <span>ពិសេស</span></h3>,,<h3>কেন আমরা <span>অনন্য</span></h3>,<h3>为什么我们<span>与众不同</span></h3>,<h3>為什麼我們<span>與眾不同</span></h3>,<h3>Neden <span>Benzersiziz</span></h3>,<h3>Pourquoi nous sommes <span>uniques</span></h3>,<h3>Почему мы <span>уникальны</span></h3>,<h3>왜 우리가 <span>특별한지</span></h3>,<h3>چرا ما <span>منحصربه‌فرد</span> هستیم</h3>,<h3>Por que somos <span>únicos</span></h3>,<h3>Por qué nuestras Cuentas Fondeadas Instantáneas son únicas</h3>,<h3>Por qué somos <span>únicos</span></h3>,,,
instant_unique_block_10,Become a signal provider through the WMT fund account and share your trading strategies with others.,,เป็นผู้ให้สัญญาณผ่านบัญชีกองทุน WMT และแบ่งปันกลยุทธ์การเทรดของคุณกับผู้อื่น,WMTファンドアカウントを通じてシグナルプロバイダーとなり、あなたの取引戦略を他の人と共有しましょう。,Conviértete en proveedor de señales a través de la cuenta de fondos WMT y comparte tus estrategias de trading con otros.,Jadilah penyedia sinyal melalui akun dana WMT dan bagikan strategi trading Anda kepada orang lain.,ក្លាយជាអ្នកផ្តល់សញ្ញាតាមរយៈគណនីមូលនិធិ WMT ហើយចែករំលែកយុទ្ធសាស្ត្រជួញដូររបស់អ្នកជាមួយអ្នកដទៃ។,,WMT ফান্ড অ্যাকাউন্টের মাধ্যমে একজন সিগন্যাল প্রদানকারী হন এবং আপনার ট্রেডিং কৌশল অন্যদের সঙ্গে শেয়ার করুন।,通过 WMT 资金账户成为信号提供者，并与他人分享您的交易策略。,,WMT fon hesabı üzerinden sinyal sağlayıcı olun ve işlem stratejilerinizi başkalarıyla paylaşın.,Devenez fournisseur de signaux via le compte de fonds WMT et partagez vos stratégies de trading avec les autres.,Станьте поставщиком сигналов через фондовый аккаунт WMT и делитесь своими торговыми стратегиями с другими.,WMT 펀드 계정을 통해 시그널 제공자가 되어 다른 사람들과 거래 전략을 공유하세요.,از طریق حساب صندوق WMT به ارائه‌دهنده سیگنال تبدیل شوید و استراتژی‌های معاملاتی خود را با دیگران به اشتراک بگذارید.,Torne-se um provedor de sinais por meio da conta de fundos WMT e compartilhe suas estratégias de trading com outras pessoas.,,,,,
instant_unique_block_11,Watch video,,ดูวิดีโอ,動画を見る,,Tonton video,មើលវីដេអូ,,ভিডিও দেখুন,观看视频,觀看影片,Videoyu izle,Regarder la vidéo,Смотреть видео,영상 보기,مشاهده ویدیو,Assistir vídeo,Ver video,,,,
instant_unique_block_12,Trial,,ทดลอง,トライアル,Prueba,Uji coba,សាកល្បង,,ট্রায়াল,试用,試用,Deneme,Essai,Пробная версия,체험,آزمایشی,Teste,Cuenta Demo (Trial),,,,
instant_unique_block_13,Our Trial is intended to help prospective customers understand how it operates and evaluate their trading abilities to determine whether they have what it takes to become expert traders at WeMasterTrade.,,การทดลองของเรามีวัตถุประสงค์เพื่อช่วยให้ลูกค้าที่สนใจเข้าใจวิธีการทำงาน และประเมินความสามารถในการเทรดของตนเอง เพื่อดูว่าพวกเขามีศักยภาพที่จะกลายเป็นเทรดเดอร์ผู้เชี่ยวชาญที่ WeMasterTrade หรือไม่,当社のトライアルは、見込み顧客がその仕組みを理解し、自身の取引能力を評価して、WeMasterTradeでエキスパートトレーダーになれるかどうかを判断するためのものです。,Nuestro periodo de prueba tiene como objetivo ayudar a los clientes potenciales a comprender cómo funciona y evaluar sus habilidades de trading para determinar si tienen lo necesario para convertirse en traders expertos en WeMasterTrade.,Trial kami bertujuan membantu calon pelanggan memahami cara kerjanya serta mengevaluasi kemampuan trading mereka untuk menentukan apakah mereka memiliki potensi menjadi trader ahli di WeMasterTrade.,ការសាកល្បងរបស់យើងមានគោលបំណងជួយអតិថិជនដែលមានចំណាប់អារម្មណ៍យល់ពីរបៀបដំណើរការ និងវាយតម្លៃសមត្ថភាពជួញដូររបស់ពួកគេ ដើម្បីកំណត់ថាពួកគេអាចក្លាយជាអ្នកជួញដូរជំនាញនៅ WeMasterTrade បានឬអត់។,,"আমাদের ট্রায়াল সম্ভাব্য গ্রাহকদের এটি কীভাবে কাজ করে তা বোঝাতে এবং তাদের ট্রেডিং দক্ষতা মূল্যায়ন করতে সাহায্য করার জন্য তৈরি করা হয়েছে, যাতে নির্ধারণ করা যায় তারা WeMasterTrade-এ বিশেষজ্ঞ ট্রেডার হওয়ার যোগ্য কিনা।",我们的试用旨在帮助潜在客户了解其运作方式，并评估他们的交易能力，以判断他们是否具备成为 WeMasterTrade 专业交易员的条件。,我們的試用旨在幫助潛在客戶了解其運作方式，並評估他們的交易能力，以判斷他們是否具備成為 WeMasterTrade 專業交易員的條件。,"Deneme sürümümüz, potansiyel müşterilerin sistemin nasıl çalıştığını anlamalarına ve işlem yeteneklerini değerlendirerek WeMasterTrade’de uzman trader olup olamayacaklarını belirlemelerine yardımcı olmak için tasarlanmıştır.",Notre essai vise à aider les clients potentiels à comprendre son fonctionnement et à évaluer leurs capacités de trading afin de déterminer s’ils ont ce qu’il faut pour devenir des traders experts chez WeMasterTrade.,"Наша пробная версия предназначена для того, чтобы помочь потенциальным клиентам понять, как работает система, и оценить свои торговые способности, чтобы определить, способны ли они стать экспертными трейдерами в WeMasterTrade.",우리의 트라이얼은 잠재 고객이 시스템의 작동 방식을 이해하고 자신의 트레이딩 능력을 평가하여 WeMasterTrade에서 전문 트레이더가 될 수 있는지 판단할 수 있도록 돕기 위한 것입니다.,نسخه آزمایشی ما برای کمک به مشتریان بالقوه طراحی شده است تا نحوه عملکرد آن را درک کنند و توانایی‌های معاملاتی خود را ارزیابی کنند تا مشخص شود آیا می‌توانند به معامله‌گران حرفه‌ای در WeMasterTrade تبدیل شوند یا خیر.,Nosso Trial foi criado para ajudar potenciais clientes a entender como ele funciona e avaliar suas habilidades de trading para determinar se eles têm o que é necessário para se tornarem traders especialistas na WeMasterTrade.,Nuestro Trial permite a nuevos usuarios entender el funcionamiento del programa y evaluar sus habilidades antes de operar con una cuenta financiada.,,,,
instant_unique_block_14,Watch video,,ดูวิดีโอ,動画を見る,,Tonton video,មើលវីដេអូ,,ভিডিও দেখুন,观看视频,觀看影片,Videoyu izle,Regarder la vidéo,Смотреть видео,영상 보기,مشاهده ویدیو,Assistir vídeo,Ver video,,,,
instant_unique_block_15,Academy,,สถาบัน,アカデミー,Academia,Akademi,សាលាបណ្ដុះបណ្ដាល,,একাডেমি,学院,學院,Akademi,Académie,Академия,아카데미,آکادمی,Academia,Academia,,,,
instant_unique_block_16,Our courses are designed to give the fundamental knowledge and technical skills required to comprehend the financial markets and the traded instruments to all traders who are interested in gaining more experience and mastering their trades.,,หลักสูตรของเราได้รับการออกแบบเพื่อมอบความรู้พื้นฐานและทักษะทางเทคนิคที่จำเป็นในการทำความเข้าใจตลาดการเงินและเครื่องมือที่ทำการซื้อขาย ให้กับเทรดเดอร์ทุกคนที่ต้องการเพิ่มประสบการณ์และพัฒนาความเชี่ยวชาญในการเทรดของตน,当社のコースは、より多くの経験を積み、取引スキルを習得したいすべてのトレーダーに対して、金融市場と取引される金融商品を理解するために必要な基礎知識と技術的スキルを提供することを目的としています。,Nuestros cursos están diseñados para proporcionar el conocimiento fundamental y las habilidades técnicas necesarias para comprender los mercados financieros y los instrumentos negociados a todos los traders interesados en adquirir más experiencia y perfeccionar sus operaciones.,Kursus kami dirancang untuk memberikan pengetahuan dasar dan keterampilan teknis yang diperlukan untuk memahami pasar keuangan dan instrumen yang diperdagangkan kepada semua trader yang ingin memperoleh lebih banyak pengalaman dan menguasai trading mereka.,វគ្គសិក្សារបស់យើងត្រូវបានរចនាឡើងដើម្បីផ្តល់ចំណេះដឹងមូលដ្ឋាន និងជំនាញបច្ចេកទេសដែលចាំបាច់សម្រាប់ការយល់ដឹងអំពីទីផ្សារហិរញ្ញវត្ថុ និងឧបករណ៍ជួញដូរ ដល់អ្នកជួញដូរទាំងអស់ដែលចង់ទទួលបានបទពិសោធន៍បន្ថែម និងពង្រឹងជំនាញជួញដូររបស់ពួកគេ។,,"আমাদের কোর্সগুলো এমনভাবে তৈরি করা হয়েছে যাতে সকল ট্রেডার যারা আরও অভিজ্ঞতা অর্জন করতে এবং তাদের ট্রেডিং দক্ষতা উন্নত করতে চান, তারা আর্থিক বাজার এবং ট্রেডকৃত ইনস্ট্রুমেন্ট সম্পর্কে মৌলিক জ্ঞান ও প্রযুক্তিগত দক্ষতা অর্জন করতে পারেন।",我们的课程旨在为所有希望获得更多经验并精通交易的交易者提供理解金融市场和交易工具所需的基础知识和技术技能。,我們的課程旨在為所有希望獲得更多經驗並精進交易技巧的交易者提供理解金融市場及交易工具所需的基礎知識與技術技能。,"Kurslarımız, daha fazla deneyim kazanmak ve işlemlerinde ustalaşmak isteyen tüm traderlara finansal piyasaları ve işlem gören araçları anlamak için gerekli temel bilgi ve teknik becerileri sağlamak üzere tasarlanmıştır.",Nos cours sont conçus pour fournir les connaissances fondamentales et les compétences techniques nécessaires à la compréhension des marchés financiers et des instruments négociés à tous les traders souhaitant acquérir plus d’expérience et maîtriser leurs trades.,"Наши курсы разработаны для того, чтобы предоставить базовые знания и технические навыки, необходимые для понимания финансовых рынков и торгуемых инструментов всем трейдерам, которые хотят получить больше опыта и совершенствовать свою торговлю.",우리의 강의는 더 많은 경험을 얻고 거래를 숙달하고자 하는 모든 트레이더에게 금융 시장과 거래되는 금융 상품을 이해하는 데 필요한 기초 지식과 기술적 역량을 제공하도록 설계되었습니다.,دوره‌های ما برای ارائه دانش پایه و مهارت‌های فنی لازم جهت درک بازارهای مالی و ابزارهای معاملاتی طراحی شده‌اند و به تمام معامله‌گرانی که مایل به کسب تجربه بیشتر و تسلط بر معاملات خود هستند کمک می‌کنند.,Nossos cursos são projetados para fornecer o conhecimento fundamental e as habilidades técnicas necessárias para compreender os mercados financeiros e os instrumentos negociados a todos os traders interessados em ganhar mais experiência e dominar suas operações.,"Nuestros cursos brindan conocimientos fundamentales y habilidades técnicas para comprender los mercados financieros y los instrumentos operados, ayudando a mejorar el desempeño.",,,,
instant_unique_block_17,Watch video,,ดูวิดีโอ,動画を見る,,Tonton video,មើលវីដេអូ,,ভিডিও দেখুন,观看视频,觀看影片,Videoyu izle,Regarder la vidéo,Смотреть видео,영상 보기,مشاهده ویدیو,Assistir vídeo,Ver video,,,,
instant_unique_block_18,Symbols,,สัญลักษณ์,シンボル,Símbolos,Simbol,និមិត្តសញ្ញា,,সিম্বল,交易品种,交易品種,Semboller,Symboles,Символы,심볼,نمادها,Símbolos,Símbolos Simulados,,,,
instant_unique_block_19,Direct Market Access (DMA) offers thousands of symbols with low spreads and commission fees.,,Direct Market Access (DMA) มอบสัญลักษณ์การเทรดหลายพันรายการ พร้อมสเปรดต่ำและค่าคอมมิชชั่นที่ต่ำ,Direct Market Access（DMA）は、低スプレッドと低い手数料で数千のシンボルを提供します。,Direct Market Access (DMA) ofrece miles de símbolos con spreads y comisiones bajas.,Direct Market Access (DMA) menawarkan ribuan simbol dengan spread dan biaya komisi yang rendah.,Direct Market Access (DMA) ផ្តល់ជូននិមិត្តសញ្ញាជួញដូរជាច្រើនពាន់ ជាមួយនឹងស្ព្រេដទាប និងកម្រៃជើងសារទាប។,,Direct Market Access (DMA) কম স্প্রেড এবং কমিশন ফি সহ হাজার হাজার সিম্বল প্রদান করে।,Direct Market Access (DMA) 提供数千种交易品种，点差低且佣金费用低。,Direct Market Access (DMA) 提供數千種交易品種，點差低且佣金費用低。,"Direct Market Access (DMA), düşük spread ve komisyon ücretleriyle binlerce sembol sunar.",Direct Market Access (DMA) offre des milliers de symboles avec des spreads et des commissions faibles.,Direct Market Access (DMA) предлагает тысячи торговых символов с низкими спредами и комиссионными.,Direct Market Access (DMA)는 낮은 스프레드와 수수료로 수천 개의 심볼을 제공합니다.,دسترسی مستقیم به بازار (DMA) هزاران نماد معاملاتی با اسپرد و کارمزد پایین ارائه می‌دهد.,Direct Market Access (DMA) oferece milhares de símbolos com spreads e comissões baixas.,"Acceso Directo a Mercado (DMA) con miles de símbolos simulados, spreads bajos y comisiones competitivas.",,,,
instant_unique_block_2,We are focused on developing a long-term relationship with our traders by providing them with the best environment to prosper and perform.,,เรามุ่งเน้นการสร้างความสัมพันธ์ระยะยาวกับเทรดเดอร์ของเรา โดยมอบสภาพแวดล้อมที่ดีที่สุดเพื่อให้พวกเขาเติบโตและแสดงศักยภาพได้อย่างเต็มที่,私たちはトレーダーとの長期的な関係構築に重点を置き、成長し最高のパフォーマンスを発揮できる環境を提供しています。,"Nos enfocamos en desarrollar una relación a largo plazo con nuestros traders, brindándoles el mejor entorno para prosperar y rendir.",Kami berfokus pada pengembangan hubungan jangka panjang dengan para trader kami dengan menyediakan lingkungan terbaik agar mereka dapat berkembang dan memberikan performa terbaik.,យើងផ្តោតលើការអភិវឌ្ឍទំនាក់ទំនងរយៈពេលវែងជាមួយអ្នកជួញដូរ ដោយផ្តល់បរិយាកាសល្អបំផុតដើម្បីឲ្យពួកគេរីកចម្រើន និងបង្ហាញសមត្ថភាពបានល្អបំផុត។,,আমরা আমাদের ট্রেডারদের সাথে দীর্ঘমেয়াদী সম্পর্ক গড়ে তোলার উপর গুরুত্ব দিই এবং তাদের উন্নতি ও সর্বোচ্চ পারফরম্যান্সের জন্য সেরা পরিবেশ প্রদান করি।,我们专注于与交易者建立长期关系，为他们提供最佳环境，使其能够成长并发挥出色表现。,我們專注於與交易者建立長期關係，為他們提供最佳環境，使其能夠成長並發揮最佳表現。,Traderlarımızla uzun vadeli bir ilişki kurmaya odaklanıyoruz ve onların gelişip en iyi performansı gösterebilmeleri için en iyi ortamı sağlıyoruz.,Nous nous concentrons sur le développement d’une relation à long terme avec nos traders en leur offrant le meilleur environnement pour prospérer et performer.,"Мы стремимся выстраивать долгосрочные отношения с нашими трейдерами, предоставляя им наилучшую среду для развития и достижения результатов.","우리는 트레이더들과 장기적인 관계를 구축하는 데 집중하며, 그들이 성장하고 최고의 성과를 낼 수 있는 최적의 환경을 제공합니다.",ما بر ایجاد یک رابطه بلندمدت با معامله‌گران خود تمرکز داریم و بهترین محیط را برای رشد و عملکرد بهتر آن‌ها فراهم می‌کنیم.,"Estamos focados em desenvolver um relacionamento de longo prazo com nossos traders, oferecendo o melhor ambiente para que possam prosperar e ter um excelente desempenho.","Nos enfocamos en construir una relación a largo plazo con nuestros traders, brindándoles un entorno óptimo para operar y desarrollarse.","Nos enfocamos en desarrollar una relación a largo plazo con nuestros traders, brindándoles el mejor entorno para prosperar y rendir.",,,
instant_unique_block_20,Watch video,,ดูวิดีโอ,動画を見る,,Tonton video,មើលវីដេអូ,,ভিডিও দেখুন,观看视频,觀看影片,Videoyu izle,Regarder la vidéo,Смотреть видео,영상 보기,مشاهده ویدیو,Assistir vídeo,Ver video,,,,
instant_unique_block_3,Instant Funding,,เงินทุนทันที,即時資金提供,Financiación instantánea,Pendanaan Instan,មូលធនភ្លាមៗ,,তাৎক্ষণিক ফান্ডিং,即时资金,即時資金,Anında Fonlama,Financement instantané,Мгновенное финансирование,즉시 자금 제공,تأمین سرمایه فوری,Financiamento instantâneo,Financiación Instantánea,Financiación instantánea,,,
instant_unique_block_4,"No more evaluation processes or challenges, you only need to pay a small fee and then get instant access to our capital.",,ไม่มีขั้นตอนการประเมินหรือความท้าทายอีกต่อไป เพียงชำระค่าธรรมเนียมเล็กน้อย คุณก็สามารถเข้าถึงเงินทุนของเราได้ทันที,評価プロセスやチャレンジはもう必要ありません。少額の手数料を支払うだけで、すぐに当社の資金へアクセスできます。,Ya no hay procesos de evaluación ni desafíos. Solo necesitas pagar una pequeña tarifa para obtener acceso instantáneo a nuestro capital.,Tidak ada lagi proses evaluasi atau tantangan. Anda hanya perlu membayar biaya kecil untuk mendapatkan akses instan ke modal kami.,មិនមានដំណាក់កាលវាយតម្លៃ ឬការប្រកួតប្រជែងទៀតទេ។ អ្នកគ្រាន់តែបង់ថ្លៃតិចតួច ហើយអាចចូលប្រើមូលធនរបស់យើងបានភ្លាមៗ។,,আর কোনো মূল্যায়ন প্রক্রিয়া বা চ্যালেঞ্জ নেই। শুধু একটি ছোট ফি প্রদান করলেই আপনি আমাদের মূলধনে তাৎক্ষণিক প্রবেশাধিকার পাবেন।,无需任何评估流程或挑战，只需支付少量费用，即可立即获得我们的资金。,不再有評估流程或挑戰。您只需支付少量費用，即可立即獲得我們資金的使用權。,"Artık değerlendirme süreçleri veya zorluklar yok, yalnızca küçük bir ücret ödeyerek sermayemize anında erişim elde edebilirsiniz.",Plus de processus d’évaluation ni de défis. Il vous suffit de payer de petits frais pour obtenir un accès instantané à notre capital.,"Больше никаких этапов оценки или испытаний. Вам нужно лишь оплатить небольшую комиссию, чтобы мгновенно получить доступ к нашему капиталу.",더 이상 평가 과정이나 챌린지가 없습니다. 소정의 수수료만 지불하면 즉시 우리의 자본에 접근할 수 있습니다.,دیگر هیچ فرآیند ارزیابی یا چالشی وجود ندارد. فقط با پرداخت یک کارمزد کوچک می‌توانید فوراً به سرمایه ما دسترسی پیدا کنید.,Não há mais processos de avaliação ou desafios. Você só precisa pagar uma pequena taxa para obter acesso instantâneo ao nosso capital.,Sin procesos de evaluación ni desafíos.<br>Solo pagas una pequeña Fee y obtienes acceso inmediato a nuestro capital virtual.,Ya no hay procesos de evaluación ni desafíos. Solo necesitas pagar una pequeña tarifa para obtener acceso instantáneo a nuestro capital.,,,
instant_unique_block_5,Watch video,,ดูวิดีโอ,動画を見る,,Tonton video,មើលវីដេអូ,,ভিডিও দেখুন,观看视频,觀看影片,Videoyu izle,Regarder la vidéo,Смотреть видео,영상 보기,مشاهده ویدیو,Assistir vídeo,Ver video,,,,
instant_unique_block_6,Signal Followers,,ผู้ติดตามสัญญาณ,シグナルフォロワー,Seguidores de señales,Pengikut Sinyal,អ្នកតាមដានសញ្ញា,,সিগন্যাল অনুসরণকারী,信号跟随者,信號跟隨者,Sinyal Takipçileri,Abonnés aux signaux,Подписчики сигналов,시그널 팔로워,دنبال‌کنندگان سیگنال,Seguidores de sinais,Seguidores de Señales,Seguidores de señales,,,
instant_unique_block_7,"Utilize the WMT fund account to follow and replicate trades from top traders, aiming to enhance your trading strategy.",,ใช้บัญชีกองทุน WMT เพื่อติดตามและคัดลอกการเทรดจากเทรดเดอร์ชั้นนำ โดยมีเป้าหมายเพื่อยกระดับกลยุทธ์การเทรดของคุณ,WMTファンドアカウントを活用してトップトレーダーをフォローし、その取引を複製することで、取引戦略の向上を目指します。,"Utiliza la cuenta de fondos WMT para seguir y replicar las operaciones de los mejores traders, con el objetivo de mejorar tu estrategia de trading.","Gunakan akun dana WMT untuk mengikuti dan menyalin transaksi dari trader terbaik, dengan tujuan meningkatkan strategi trading Anda.",ប្រើប្រាស់គណនីមូលនិធិ WMT ដើម្បីតាមដាន និងចម្លងការជួញដូរពីអ្នកជួញដូរឈានមុខ ដោយមានគោលបំណងលើកកម្ពស់យុទ្ធសាស្ត្រជួញដូររបស់អ្នក។,,"শীর্ষ ট্রেডারদের অনুসরণ ও তাদের ট্রেড অনুকরণ করতে WMT ফান্ড অ্যাকাউন্ট ব্যবহার করুন, যাতে আপনার ট্রেডিং কৌশল উন্নত করা যায়।",使用 WMT 资金账户跟随并复制顶级交易者的交易，旨在提升您的交易策略。,,WMT fon hesabını kullanarak üst düzey yatırımcıları takip edin ve işlemlerini kopyalayın; böylece işlem stratejinizi geliştirmeyi hedefleyin.,"Utilisez le compte de fonds WMT pour suivre et répliquer les transactions des meilleurs traders, afin d’améliorer votre stratégie de trading.","Используйте фондовый аккаунт WMT, чтобы следить за ведущими трейдерами и копировать их сделки, стремясь улучшить свою торговую стратегию.",WMT 펀드 계정을 활용해 상위 트레이더를 팔로우하고 거래를 복제하여 거래 전략 향상을 목표로 합니다.,از حساب صندوق WMT برای دنبال‌کردن و کپی معاملات معامله‌گران برتر استفاده کنید تا استراتژی معاملاتی خود را بهبود دهید.,"Utilize a conta de fundos WMT para seguir e replicar operações dos principais traders, com o objetivo de aprimorar sua estratégia de trading.",,,,,
instant_unique_block_8,Watch video,,ดูวิดีโอ,動画を見る,,Tonton video,មើលវីដេអូ,,ভিডিও দেখুন,观看视频,觀看影片,Videoyu izle,Regarder la vidéo,Смотреть видео,영상 보기,مشاهده ویدیو,Assistir vídeo,Ver video,,,,
instant_unique_block_9,Signal Providers,,ผู้ให้สัญญาณ,シグナルプロバイダー,Proveedores de señales,Penyedia Sinyal,អ្នកផ្តល់សញ្ញា,,সিগন্যাল প্রদানকারী,信号提供者,信號提供者,Sinyal Sağlayıcıları,Fournisseurs de signaux,Поставщики сигналов,시그널 제공자,ارائه‌دهندگان سیگنال,Provedores de sinais,Proveedores de Señales,Proveedores de señales,,,
payouts_block_0,Payouts,,การจ่ายผลตอบแทน,報酬支払い,Pagos,Pembayaran,ការទូទាត់ប្រាក់ចំណេញ,,পেআউট,收益支付,收益支付,Ödemeler,Paiements,Выплаты,지급금,پرداخت‌ها,Pagamentos,Pagos,,,,
payouts_block_1,<h3>Fast & Reliable <br><span>Payouts</span></h3>,,<h3>การจ่ายเงินที่รวดเร็วและเชื่อถือได้<br><span>Payouts</span></h3>,"<h2 class=""h3"">日本のプロップトレーダーへの迅速・<span>確実な報酬支払い</span></h2>",<h3>Pagos rápidos y confiables<br><span>Payouts</span></h3>,<h3>Pembayaran cepat & terpercaya<br><span>Payouts</span></h3>,<h3>ការទូទាត់លឿន និងអាចទុកចិត្តបាន<br><span>Payouts</span></h3>,,<h3>দ্রুত ও নির্ভরযোগ্য<br><span>পেআউট</span></h3>,<h3>快速且可靠的<br><span>收益支付</span></h3>,<h3>快速且可靠的<br><span>收益支付</span></h3>,<h3>Hızlı ve Güvenilir<br><span>Ödemeler</span></h3>,<h3>Paiements rapides et fiables<br><span>Payouts</span></h3>,<h3>Быстрые и надежные<br><span>выплаты</span></h3>,<h3>빠르고 신뢰할 수 있는<br><span>지급</span></h3>,<h3>پرداخت‌های سریع و قابل اعتماد<br><span>Payouts</span></h3>,<h3>Pagamentos rápidos e confiáveis<br><span>Payouts</span></h3>,<h3><span>Pagos</span> Rápidos y <br>Confiables</h3>,,,,
payouts_block_10,,,,"<h2 class=""center"">最新の支払い実績</h2>",,,,,,,,,,,,,,,,,,
payouts_block_11,Payouts,,การจ่ายเงิน,支払い,,Pembayaran,ការទូទាត់,,পেআউট,收益支付,收益支付,Ödemeler,Paiements,Выплаты,지급,پرداخت‌ها,Pagamentos,Payouts Recientes,,,,
payouts_block_12,Load More,,โหลดเพิ่มเติม,さらに支払い実績を見る,Cargar más,Muat Lebih Banyak,ផ្ទុកបន្ថែម,,আরও লোড করুন,加载更多,載入更多,Daha Fazla Yükle,Charger plus,Загрузить ещё,더 보기,بارگذاری بیشتر,Carregar mais,Ver más payouts,,,,
payouts_block_2,Enjoy hassle-free payouts as a reward for your simulated trading. Because you shouldn’t wait for your money,,เพลิดเพลินกับการรับเงินที่สะดวกสบายเป็นรางวัลจากการเทรดแบบจำลองของคุณ เพราะคุณไม่ควรต้องรอเงินของคุณ,シミュレーション取引の報酬として、スムーズな支払いをお楽しみください。WeMasterTradeは、プロップトレーダーへの支払いを一切遅延させません。,Disfruta de pagos sin complicaciones como recompensa por tu trading simulado. Porque no deberías esperar por tu dinero,Nikmati pembayaran tanpa repot sebagai reward dari trading simulasi Anda. Karena Anda tidak seharusnya menunggu uang Anda,រីករាយជាមួយការទូទាត់ដោយគ្មានភាពរំខាន ជារង្វាន់សម្រាប់ការជួញដូរសមូល្យរបស់អ្នក ព្រោះអ្នកមិនគួរត្រូវរង់ចាំប្រាក់របស់អ្នកទេ,,আপনার সিমুলেটেড ট্রেডিংয়ের পুরস্কার হিসেবে ঝামেলাহীন পেআউট উপভোগ করুন। কারণ আপনার টাকার জন্য অপেক্ষা করা উচিত নয়,享受来自模拟交易奖励的无忧收益支付，因为你不应该等待属于你的资金,享受來自模擬交易的無憂收益支付，因為你不應該等待你的資金,Simüle edilmiş işlemlerinizin ödülü olarak sorunsuz ödemelerin keyfini çıkarın. Çünkü paranız için beklememelisiniz,Profitez de paiements sans tracas en récompense de votre trading simulé. Parce que vous ne devriez pas attendre votre argent,Получайте выплаты без лишних хлопот как награду за вашу симулированную торговлю. Ведь вы не должны ждать свои деньги,모의 트레이딩의 보상으로 번거로움 없는 지급을 경험하세요. 당신의 돈을 기다릴 필요는 없습니다,از پرداخت‌های بدون دردسر به‌عنوان پاداش معاملات شبیه‌سازی‌شده خود لذت ببرید، زیرا نباید برای پول خود منتظر بمانید,Aproveite pagamentos sem complicações como recompensa pelo seu trading simulado. Porque você não deveria esperar pelo seu dinheiro,Disfruta payouts sin complicaciones como recompensa por tu trading simulado. <br>Porque no deberías esperar por tu dinero.,,,,
payouts_block_3,"<p><span>24h</span>Avg Payout Time</p>
                                            <p><span>1d</span>Daily Payout</p>
                                            <p><span>24/5</span>Customer Support</p>",,"<p><span>24h</span>เวลาเฉลี่ยในการจ่ายเงิน</p>
                                            <p><span>1d</span>การจ่ายเงินรายวัน</p>
                                            <p><span>24/5</span>ฝ่ายบริการลูกค้า</p>","<p><span>24h</span>平均支払い時間</p>
                                            <p><span>1d</span>毎日支払い</p>
                                            <p><span>24/5</span>カスタマーサポート</p>","<p><span>24h</span>Tiempo promedio de pago</p>
                                            <p><span>1d</span>Pago diario</p>
                                            <p><span>24/5</span>Soporte al cliente</p>","<p><span>24h</span>Rata-rata Waktu Pembayaran</p>
                                            <p><span>1d</span>Pembayaran Harian</p>
                                            <p><span>24/5</span>Dukungan Pelanggan</p>","<p><span>24h</span>ពេលវេលាទូទាត់មធ្យម</p>
                                            <p><span>1d</span>ការទូទាត់ប្រចាំថ្ងៃ</p>
                                            <p><span>24/5</span>ជំនួយអតិថិជន</p>",,"<p><span>24h</span>গড় পেআউট সময়</p>
                                            <p><span>1d</span>দৈনিক পেআউট</p>
                                            <p><span>24/5</span>কাস্টমার সাপোর্ট</p>","<p><span>24h</span>平均支付时间</p>
                                            <p><span>1d</span>每日支付</p>
                                            <p><span>24/5</span>客户支持</p>","<p><span>24h</span>平均支付時間</p>
                                            <p><span>1d</span>每日支付</p>
                                            <p><span>24/5</span>客戶支援</p>","<p><span>24h</span>Ortalama Ödeme Süresi</p>
                                            <p><span>1d</span>Günlük Ödeme</p>
                                            <p><span>24/5</span>Müşteri Desteği</p>","<p><span>24h</span>Temps moyen de paiement</p>
                                            <p><span>1d</span>Paiement quotidien</p>
                                            <p><span>24/5</span>Support client</p>","<p><span>24h</span>Среднее время выплат</p>
                                            <p><span>1d</span>Ежедневные выплаты</p>
                                            <p><span>24/5</span>Поддержка клиентов</p>","<p><span>24h</span>평균 지급 시간</p>
                                            <p><span>1d</span>일일 지급</p>
                                            <p><span>24/5</span>고객 지원</p>","<p><span>24h</span>میانگین زمان پرداخت</p>
                                            <p><span>1d</span>پرداخت روزانه</p>
                                            <p><span>24/5</span>پشتیبانی مشتریان</p>","<p><span>24h</span>Tempo médio de pagamento</p>
                                            <p><span>1d</span>Pagamento diário</p>
                                            <p><span>24/05</span>Suporte ao cliente</p>","<p><span>24h</span>Tiempo promedio de payout</p>
                                            <p><span>1 día</span>Payout diario</p>
                                            <p><span>24/5</span>Soporte al cliente</p>",,,,
payouts_block_4,Bank Transfer,,โอนเงินผ่านธนาคาร,銀行振込,Transferencia bancaria,Transfer Bank,ផ្ទេរប្រាក់តាមធនាគារ,,ব্যাংক ট্রান্সফার,银行转账,銀行轉帳,Banka Transferi,Virement bancaire,Банковский перевод,은행 송금,انتقال بانکی,Transferência bancária,Transferencia bancaria,,,,
payouts_block_5,Money in the bank within <br>hours of your request,,เงินเข้าบัญชีธนาคารของคุณภายใน<br>ไม่กี่ชั่วโมงหลังจากคำขอ,リクエスト後数時間以内に銀行口座へ入金されます。日本の銀行口座への振込に対応。,Dinero en tu banco<br>en pocas horas tras tu solicitud,Dana masuk ke bank Anda<br>dalam beberapa jam setelah permintaan,ប្រាក់ចូលគណនីធនាគាររបស់អ្នក<br>ក្នុងរយៈពេលប៉ុន្មានម៉ោងបន្ទាប់ពីសំណើ,,আপনার অনুরোধের কয়েক<br>ঘন্টার মধ্যেই ব্যাংকে টাকা,在您提交请求后的<br>数小时内到账,提交申請後<br>數小時內到達銀行帳戶,Talebinizden<br>saatler içinde banka hesabınıza para,L’argent sur votre compte bancaire<br>en quelques heures après votre demande,Деньги на вашем банковском счёте<br>в течение нескольких часов после запроса,요청 후<br>몇 시간 내에 은행 계좌로 입금,واریز پول به حساب بانکی شما<br>در عرض چند ساعت پس از درخواست,Dinheiro na sua conta bancária<br>em poucas horas após sua solicitação,Recibe el dinero en tu banco pocas horas después de tu solicitud.,,,,
payouts_block_6,Payouts,,การจ่ายผลตอบแทน,暗号通貨での報酬支払い,,Pembayaran,ការទូទាត់ប្រាក់ចំណេញ,,পেআউট,收益支付,收益支付,Ödemeler,Paiements,Выплаты,지급금,پرداخت‌ها,Pagamentos,Payouts en Cripto,,,,
payouts_block_7,We support payouts via USDC and other stablecoins,,เรารองรับการจ่ายเงินผ่าน USDC และสเตเบิลคอยน์อื่น ๆ,USDC及びその他のステーブルコインによる迅速な支払いに対応しています。,Admitimos pagos a través de USDC y otras stablecoins,Kami mendukung pembayaran melalui USDC dan stablecoin lainnya,យើងគាំទ្រការទូទាត់តាមរយៈ USDC និង stablecoin ផ្សេងៗ,,আমরা USDC এবং অন্যান্য স্টেবলকয়েনের মাধ্যমে পেআউট সমর্থন করি,我们支持通过 USDC 及其他稳定币进行支付,我們支持透過 USDC 及其他穩定幣進行支付,USDC ve diğer stablecoinler aracılığıyla ödeme desteği sunuyoruz,Nous prenons en charge les paiements via USDC et d’autres stablecoins,Мы поддерживаем выплаты через USDC и другие стейблкоины,USDC 및 기타 스테이블코인을 통한 지급을 지원합니다,ما از پرداخت‌ها از طریق USDC و سایر استیبل‌کوین‌ها پشتیبانی می‌کنیم,Oferecemos suporte a pagamentos via USDC e outras stablecoins,Soportamos pagos vía USDC y otras stablecoins.,,,,
payouts_block_8,"Debit/Credit/Prepaid<br class=""pc"">Cards",,"บัตรเดบิต/เครดิต/เติมเงิน<br class=""pc"">Cards",デビット／クレジット／プリペイドカード,"Tarjetas débito/crédito/prepagadas<br class=""pc"">Cards","Kartu Debit/Kredit/Prabayar<br class=""pc"">Cards","កាតឌេប៊ីត/ឥណទាន/បង់មុន<br class=""pc"">Cards",,"ডেবিট/ক্রেডিট/প্রিপেইড<br class=""pc"">কার্ড","借记卡/信用卡/预付卡<br class=""pc"">Cards","借記卡/信用卡/預付卡<br class=""pc"">Cards","Banka Kartı/Kredi Kartı/Ön Ödemeli<br class=""pc"">Kartlar","Cartes de débit/crédit/prépayées<br class=""pc"">Cards","Дебетовые/кредитные/предоплаченные<br class=""pc"">карты","직불/신용/선불<br class=""pc"">카드","کارت‌های دبیت/اعتباری/پیش‌پرداخت<br class=""pc"">Cards","Cartões Débito/Crédito/Pré-pagos<br class=""pc"">Cards",Tarjetas Débito/Crédito/Prepagadas,,,,
payouts_block_9,Use your performance-based rewards directly with our branded Visa/MasterCard/American Express/JCB...,,ใช้ผลตอบแทนตามผลงานของคุณได้โดยตรงผ่านบัตร Visa / MasterCard / American Express / JCB ของเรา,（近日公開）当社のVisa／MasterCard／American Express／JCBブランドカードでプロップトレーディングの収益を直接利用できます。,Utiliza directamente tus recompensas basadas en el rendimiento con nuestras tarjetas Visa / MasterCard / American Express / JCB,,ប្រើរង្វាន់ផ្អែកលើលទ្ធផលរបស់អ្នកដោយផ្ទាល់ជាមួយកាត Visa / MasterCard / American Express / JCB របស់យើង,,আপনার পারফরম্যান্স-ভিত্তিক রিওয়ার্ড সরাসরি আমাদের Visa / MasterCard / American Express / JCB কার্ড দিয়ে ব্যবহার করুন,可直接通过我们品牌的 Visa / MasterCard / American Express / JCB 等使用您的绩效奖励,可直接透過我們品牌的 Visa / MasterCard / American Express / JCB 等使用您的績效獎勵,Performansa dayalı ödüllerinizi Visa / MasterCard / American Express / JCB markalı kartlarımızla doğrudan kullanın,Utilisez directement vos récompenses basées sur la performance avec nos cartes Visa / MasterCard / American Express / JCB,Используйте свои вознаграждения на основе результатов напрямую с нашими картами Visa / MasterCard / American Express / JCB,성과 기반 리워드를 Visa / MasterCard / American Express / JCB 등 당사 카드로 바로 사용할 수 있습니다,از پاداش مبتنی بر عملکرد خود مستقیماً با کارت‌های Visa / MasterCard / American Express / JCB ما استفاده کنید,Use diretamente suas recompensas baseadas em desempenho com nossos cartões Visa / MasterCard / American Express / JCB,,,,,
subscribe_block_0,<h3>Subscribe to <span>Stay <br>Ahead in Trading!</span></h3>,,<h3>สมัครรับข้อมูลเพื่อ <span>ก้าวล้ำ<br>ในโลกการเทรด!</span></h3>,<h3>購読して <span>トレードで<br>一歩先へ！</span></h3>,<h3>Suscríbete para <span>Mantenerte<br>Adelante en el Trading</span></h3>,<h3>Berlangganan untuk <span>Tetap<br>Unggul dalam Trading!</span></h3>,<h3>ចុះឈ្មោះដើម្បី <span>ឈានមុខ<br>ក្នុងការជួញដូរ!</span></h3>,,<h3>সাবস্ক্রাইব করুন <span>ট্রেডিংয়ে<br>এগিয়ে থাকতে!</span></h3>,<h3>订阅以 <span>在交易中<br>保持领先！</span></h3>,<h3>訂閱以 <span>在交易中<br>保持領先！</span></h3>,<h3>Abone olun ve <span>Trading’de<br>Önde Kalın!</span></h3>,<h3>Abonnez-vous pour <span>Rester<br>En Avance en Trading !</span></h3>,"<h3>Подпишитесь, чтобы <span>Оставаться<br>Впереди в трейдинге!</span></h3>",<h3>구독하고 <span>트레이딩에서<br>앞서 나가세요!</span></h3>,<h3>مشترک شوید تا <span>در معامله‌گری<br>یک قدم جلوتر باشید!</span></h3>,<h3>Inscreva-se para <span>Ficar<br>À Frente no Trading!</span></h3>,<h3>Suscríbete para <span>Mantenerte<br>Adelante en el Trading</span></h3>,,,,
subscribe_block_1,Don,,อย่าพลาดเรื่องราวจริง กลยุทธ์ที่พิสูจน์แล้ว และผลตอบแทนก้อนโตจากเทรดเดอร์ชั้นนำ,トップトレーダーの実体験、実証済みの戦略、そして大きな利益をお見逃しなく,"No te pierdas historias reales, estrategias comprobadas y grandes ganancias de los mejores traders","Jangan lewatkan kisah nyata, strategi yang terbukti, dan keuntungan besar dari trader terbaik",កុំខកខានរឿងពិត យុទ្ធសាស្ត្រដែលបានបញ្ជាក់ និងប្រាក់ចំណេញធំពីអ្នកជួញដូរល្អបំផុត,,"শীর্ষ ট্রেডারদের বাস্তব গল্প, প্রমাণিত কৌশল এবং বড় আয়ের সুযোগ মিস করবেন না",不要错过来自顶级交易者的真实故事、成熟策略和丰厚收益,不要錯過頂級交易者的真實故事、成熟策略和豐厚收益,"Gerçek hikayeleri, kanıtlanmış stratejileri ve en iyi traderlardan büyük kazançları kaçırmayın","Ne manquez pas les histoires réelles, les stratégies éprouvées et les gains importants des meilleurs traders","Не упустите реальные истории, проверенные стратегии и большие выплаты от лучших трейдеров","최고의 트레이더들의 실제 이야기, 검증된 전략, 그리고 큰 수익 기회를 놓치지 마세요",داستان‌های واقعی، استراتژی‌های اثبات‌شده و سودهای بزرگ از معامله‌گران برتر را از دست ندهید,"Não perca histórias reais, estratégias comprovadas e grandes ganhos dos melhores traders","No te pierdas historias reales, estrategias comprobadas y grandes ganancias de los mejores traders",,,,
subscribe_block_2,Subscribe Channel,,สมัครสมาชิกช่อง,チャンネル登録,Suscribirse al canal,Berlangganan Channel,ជាវឆានែល,,চ্যানেল সাবস্ক্রাইব করুন,订阅频道,訂閱頻道,Kanala Abone Ol,S’abonner à la chaîne,Подписаться на канал,채널 구독,اشتراک کانال,Inscrever-se no canal,Ver más,,,,
traders_block_0,Traders Stories,,เรื่องราวของเทรดเดอร์,トレーダーのストーリー,Historias de traders,Cerita Trader,រឿងរ៉ាវរបស់អ្នកជួញដូរ,,ট্রেডারদের গল্প,交易者故事,交易者故事,Trader Hikayeleri,Histoires de traders,Истории трейдеров,트레이더 스토리,داستان معامله‌گران,Histórias de traders,Historias de Traders,,,,
traders_block_1,<h3>WeMasterTrade <span>Interviews</span></h3>,,<h3>บทสัมภาษณ์ <span>WeMasterTrade</span></h3>,<h2><span>WeMasterTrade</span> で成功した日本のプロップトレーダーの声</span></h2><h3><span>WeMasterTrade</span> インタビュー</h3>,<h3>Entrevistas de <span>WeMasterTrade</span></h3>,<h3>Wawancara <span>WeMasterTrade</span></h3>,<h3>បទសម្ភាសន៍ <span>WeMasterTrade</span></h3>,,<h3><span>WeMasterTrade</span> সাক্ষাৎকার</h3>,<h3><span>WeMasterTrade</span> 访谈</h3>,<h3><span>WeMasterTrade</span> 訪談</h3>,<h3><span>WeMasterTrade</span> Röportajları</h3>,<h3>Interviews <span>WeMasterTrade</span></h3>,<h3>Интервью <span>WeMasterTrade</span></h3>,<h3><span>WeMasterTrade</span> 인터뷰</h3>,<h3>مصاحبه‌های <span>WeMasterTrade</span></h3>,<h3>Entrevistas <span>WeMasterTrade</span></h3>,"<h2 class=""h3""><span>WeMasterTrade</span> Enrtrevistas</span></h2>",,,,
traders_block_2,"Every month, we interview successful traders to share the latest insights, trends, and strategies in the industry — helping our clients gain valuable experience and improve their earnings. Check out our latest videos here!",,ทุกเดือน เราจะสัมภาษณ์เทรดเดอร์ที่ประสบความสำเร็จ เพื่อแบ่งปันข้อมูลเชิงลึก แนวโน้ม และกลยุทธ์ล่าสุดในอุตสาหกรรม — ช่วยให้ลูกค้าของเราได้รับประสบการณ์ที่มีคุณค่าและเพิ่มรายได้ของพวกเขา ดูวิดีโอล่าสุดของเราได้ที่นี่!,毎月、世界中の成功したプロップトレーダーへのインタビューを行い、業界の最新トレンド・戦略・インサイトを共有しています。日本のトレーダーが貴重な経験を積み、収益を向上させるためのサポートを提供します。最新の動画はこちらからご覧ください。,"Cada mes entrevistamos a traders exitosos para compartir las últimas perspectivas, tendencias y estrategias del sector — ayudando a nuestros clientes a adquirir experiencia valiosa y mejorar sus ingresos. ¡Mira nuestros últimos videos aquí!","Setiap bulan kami mewawancarai trader sukses untuk berbagi wawasan, tren, dan strategi terbaru di industri — membantu klien kami mendapatkan pengalaman berharga dan meningkatkan pendapatan mereka. Lihat video terbaru kami di sini!",រៀងរាល់ខែ យើងធ្វើបទសម្ភាសន៍ជាមួយអ្នកជួញដូរដែលជោគជ័យ ដើម្បីចែករំលែកការយល់ដឹងថ្មីៗ និន្នាការ និងយុទ្ធសាស្ត្រនៅក្នុងឧស្សាហកម្ម — ជួយអតិថិជនរបស់យើងទទួលបានបទពិសោធន៍ដ៏មានតម្លៃ និងបង្កើនប្រាក់ចំណូល។ សូមមើលវីដេអូចុងក្រោយរបស់យើងនៅទីនេះ!,,"প্রতি মাসে আমরা সফল ট্রেডারদের সাক্ষাৎকার নিই যাতে শিল্পের সর্বশেষ অন্তর্দৃষ্টি, প্রবণতা এবং কৌশল শেয়ার করা যায় — আমাদের ক্লায়েন্টদের মূল্যবান অভিজ্ঞতা অর্জন এবং তাদের আয় বাড়াতে সাহায্য করার জন্য। আমাদের সর্বশেষ ভিডিওগুলো এখানে দেখুন!",每个月，我们都会采访成功的交易者，分享行业中的最新洞察、趋势和策略——帮助我们的客户获得宝贵经验并提升收益。点击这里查看我们最新的视频！,每個月我們都會訪問成功的交易者，分享行業中的最新洞察、趨勢和策略——幫助我們的客戶獲得寶貴經驗並提升收益。立即查看我們最新的影片！,"Her ay, başarılı traderlarla röportaj yaparak sektördeki en son içgörüleri, trendleri ve stratejileri paylaşıyoruz — müşterilerimizin değerli deneyimler kazanmasına ve kazançlarını artırmasına yardımcı oluyoruz. En yeni videolarımızı buradan izleyin!","Chaque mois, nous interviewons des traders à succès pour partager les dernières analyses, tendances et stratégies du secteur — aidant ainsi nos clients à acquérir une expérience précieuse et à améliorer leurs revenus. Découvrez nos dernières vidéos ici !","Каждый месяц мы проводим интервью с успешными трейдерами, чтобы делиться последними инсайтами, трендами и стратегиями индустрии — помогая нашим клиентам получать ценный опыт и увеличивать доход. Смотрите наши последние видео здесь!","매달 성공적인 트레이더들을 인터뷰하여 업계의 최신 인사이트, 트렌드 및 전략을 공유합니다 — 고객들이 귀중한 경험을 얻고 수익을 향상시킬 수 있도록 돕습니다. 최신 영상을 여기에서 확인하세요!",هر ماه با معامله‌گران موفق مصاحبه می‌کنیم تا آخرین بینش‌ها، روندها و استراتژی‌های صنعت را به اشتراک بگذاریم — تا به مشتریان ما کمک کنیم تجربه ارزشمندی کسب کنند و درآمد خود را افزایش دهند. جدیدترین ویدیوهای ما را اینجا ببینید!,"Todos os meses entrevistamos traders de sucesso para compartilhar os insights, tendências e estratégias mais recentes do setor — ajudando nossos clientes a adquirir experiência valiosa e melhorar seus ganhos. Confira nossos vídeos mais recentes aqui!","Cada mes entrevistamos traders exitosos para compartir insights, tendencias y estrategias del mercado. <br>Ayudamos a nuestra comunidad a ganar experiencia práctica y mejorar su desempeño. <br>Mira nuestros últimos videos aquí.",,,,
traders_block_3,View more,,ดูเพิ่มเติม,もっと見る,Ver más,Lihat lebih banyak,មើលបន្ថែម,,আরও দেখুন,查看更多,查看更多,Daha fazla görüntüle,Voir plus,Смотреть больше,더 보기,مشاهده بیشتر,Ver mais,▶ Suscribirse al canal,,,,
traders_block_4,Testimonials,,รีวิวจากลูกค้า,お客様の声,Testimonios,Testimoni,សក្ខីកម្ម,,গ্রাহক মতামত,客户评价,客戶評價,Kullanıcı Yorumları,Témoignages,Отзывы,사용자 후기,نظرات کاربران,Depoimentos,Ver testimonios,,,,
wchoose_block_0,Why choose?,,ทำไมต้องเลือก?,なぜ選ぶ？,¿Por qué elegir?,Mengapa memilih?,ហេតុអ្វីជ្រើសរើស?,,কেন নির্বাচন করবেন?,为什么选择？,為什麼選擇？,Neden seçmelisiniz?,Pourquoi choisir ?,Почему выбрать?,왜 선택해야 할까요?,چرا انتخاب کنیم؟,Por que escolher?,¿Por qué elegir?,,,,
wchoose_block_1,<h3>Why choose<br><span>The Challenge Package</span></h3>,,<h3>ทำไมต้องเลือก<br><span>แพ็กเกจ Challenge</span></h3>,<h2>なぜ日本のプロップトレーダーは<br><span>Challenge Packageを選ぶのか</span></h2><h3>なぜ選ぶのか<span>Challenge パッケージ</span></h3>,<h3>¿Por qué elegir<br><span>el Challenge Package</span></h3>,<h3>Mengapa memilih<br><span>Paket Challenge</span></h3>,<h3>ហេតុអ្វីជ្រើសរើស<br><span>Challenge Package</span></h3>,,<h3>কেন নির্বাচন করবেন<br><span>Challenge Package</span></h3>,<h3>为什么选择<br><span>Challenge 套餐</span></h3>,<h3>為什麼選擇<br><span>Challenge 套餐</span></h3>,<h3>Neden seçmelisiniz<br><span>Challenge Paketi</span></h3>,<h3>Pourquoi choisir<br><span>le Challenge Package</span></h3>,<h3>Почему стоит выбрать<br><span>Challenge Package</span></h3>,<h3>왜 선택해야 할까요<br><span>Challenge 패키지</span></h3>,<h3>چرا انتخاب کنیم<br><span>پکیج Challenge</span></h3>,<h3>Por que escolher<br><span>o Pacote Challenge</span></h3>,<h3>¿Por qué elegir<br><span>el Challenge Package</span></h3>,,,,
wchoose_block_2,1st,,อันดับ 1,第1,1.º,1.,ទី១,,১ম,第1,第1,1.,1er,1-й,1위,اول,1º,1.º,,,,
wchoose_block_3,"<h4>Weekend / Overnight</h4>
                                            <div class=""desc"">
                                                <p>Hold trades overnight and over the weekend with no restrictions, enjoying low swap fees ideal for all trading strategies. Alternatively, you can pay a small additional fee to enjoy completely swap-free trading.</p>
                                            </div>",,"<h4>ถือข้ามคืน / ข้ามสุดสัปดาห์</h4>
                                            <div class=""desc"">
                                                <p>สามารถถือออเดอร์ข้ามคืนและข้ามสุดสัปดาห์ได้โดยไม่มีข้อจำกัด พร้อมค่าธรรมเนียมสวอปต่ำ เหมาะสำหรับทุกกลยุทธ์การเทรด หรือคุณสามารถชำระค่าธรรมเนียมเพิ่มเติมเล็กน้อยเพื่อเพลิดเพลินกับการเทรดแบบไม่มีสวอปโดยสมบูรณ์</p>
                                            </div>","<h4>週末・オーバーナイト保有OK</h4>
                                            <div class=""desc"">
                                                <p>取引をオーバーナイトおよび週末を跨いで制限なく保有できます。あらゆるプロップトレーディング戦略に対応した低スワップ手数料を提供。オプションで追加料金を支払い、完全スワップフリー取引も可能です。</p>
                                            </div>","<h4>Fin de semana / Overnight</h4>
                                            <div class=""desc"">
                                                <p>Mantén operaciones abiertas durante la noche y el fin de semana sin restricciones, disfrutando de bajas comisiones swap ideales para todas las estrategias de trading. Alternativamente, puedes pagar una pequeña tarifa adicional para disfrutar de trading completamente sin swap.</p>
                                            </div>","<h4>Weekend / Overnight</h4>
                                            <div class=""desc"">
                                                <p>Tahan posisi trading Anda semalaman dan selama akhir pekan tanpa batasan, sambil menikmati biaya swap rendah yang cocok untuk semua strategi trading. Sebagai alternatif, Anda dapat membayar sedikit biaya tambahan untuk menikmati trading yang sepenuhnya bebas swap.</p>
                                            </div>","<h4>កាន់អូរឌឺរ យប់ / ចុងសប្តាហ៍</h4>
                                            <div class=""desc"">
                                                <p>អ្នកអាចកាន់ការជួញដូររយៈពេលយប់ និងចុងសប្តាហ៍ដោយគ្មានការកំណត់ ហើយរីករាយជាមួយថ្លៃស្វាប់ទាប សមស្របសម្រាប់គ្រប់យុទ្ធសាស្ត្រជួញដូរ។ ជាជម្រើស អ្នកអាចបង់ថ្លៃបន្ថែមតិចតួចដើម្បីប្រើការជួញដូរដោយគ្មានស្វាប់ទាំងស្រុង។</p>
                                            </div>",,"<h4>উইকেন্ড / ওভারনাইট</h4>
                                            <div class=""desc"">
                                                <p>আপনি কোনো সীমাবদ্ধতা ছাড়াই রাতারাতি এবং সপ্তাহান্তে ট্রেড ধরে রাখতে পারেন এবং সব ধরনের ট্রেডিং কৌশলের জন্য উপযুক্ত কম swap ফি উপভোগ করতে পারেন। এছাড়াও আপনি সামান্য অতিরিক্ত ফি প্রদান করে সম্পূর্ণ swap-free ট্রেডিং উপভোগ করতে পারেন।</p>
                                            </div>","<h4>隔夜 / 周末持仓</h4>
                                            <div class=""desc"">
                                                <p>您可以在没有任何限制的情况下隔夜及周末持仓，并享受低掉期费用，适用于所有交易策略。此外，您还可以支付少量额外费用以享受完全免掉期交易。</p>
                                            </div>","<h4>隔夜 / 週末持倉</h4>
                                            <div class=""desc"">
                                                <p>您可以在沒有任何限制的情況下隔夜及週末持倉，並享受低掉期費用，適合所有交易策略。此外，您亦可支付少量額外費用以享受完全免掉期交易。</p>
                                            </div>","<h4>Hafta Sonu / Gecelik</h4>
                                            <div class=""desc"">
                                                <p>İşlemlerinizi gece boyunca ve hafta sonu boyunca hiçbir kısıtlama olmadan açık tutabilir, tüm trading stratejileri için uygun düşük swap ücretlerinden yararlanabilirsiniz. Alternatif olarak küçük bir ek ücret ödeyerek tamamen swapsız trading yapabilirsiniz.</p>
                                            </div>","<h4>Week-end / Overnight</h4>
                                            <div class=""desc"">
                                                <p>Conservez vos positions overnight et pendant le week-end sans aucune restriction, tout en profitant de faibles frais de swap adaptés à toutes les stratégies de trading. Vous pouvez également payer un petit supplément pour bénéficier d’un trading totalement sans swap.</p>
                                            </div>","<h4>На ночь / На выходные</h4>
                                            <div class=""desc"">
                                                <p>Держите сделки открытыми на ночь и на выходные без ограничений, наслаждаясь низкими своп-комиссиями, подходящими для любых торговых стратегий. При желании вы можете заплатить небольшую дополнительную комиссию для полностью безсвоповой торговли.</p>
                                            </div>","<h4>주말 / 오버나이트</h4>
                                            <div class=""desc"">
                                                <p>거래를 밤새 또는 주말 동안 제한 없이 보유할 수 있으며, 모든 트레이딩 전략에 적합한 낮은 스왑 수수료를 제공합니다. 또한 소액의 추가 비용을 지불하면 완전한 스왑 프리 거래도 이용할 수 있습니다.</p>
                                            </div>","<h4>شبانه / آخر هفته</h4>
                                            <div class=""desc"">
                                                <p>می‌توانید معاملات خود را بدون هیچ محدودیتی در طول شب و آخر هفته نگه دارید و از کارمزد سواپ پایین مناسب برای تمامی استراتژی‌های معاملاتی بهره‌مند شوید. همچنین می‌توانید با پرداخت هزینه‌ای اندک از معاملات کاملاً بدون سواپ استفاده کنید.</p>
                                            </div>","<h4>Fim de semana / Overnight</h4>
                                            <div class=""desc"">
                                                <p>Mantenha operações abertas durante a noite e ao longo do fim de semana sem restrições, aproveitando baixas taxas de swap ideais para todas as estratégias de trading. Alternativamente, você pode pagar uma pequena taxa adicional para aproveitar trading totalmente sem swap.</p>
                                            </div>","<h3 class=""h4"">Operativa sin restricciones</h3>
                                            <div class=""desc"">
                                                <p>Mantén operaciones abiertas overnight y durante el fin de semana sin restricciones, con bajos fees de swap ideales para distintas estrategias. <br>Opcionalmente, puedes pagar un pequeño Fee adicional para operar completamente swap-free.</p>
                                            </div>",,,,
wchoose_block_4,2nd,,อันดับ 2,第2,2.º,2.,ទី២,,২য়,第2,第2,2.,2e,2-й,2위,دوم,2º,2.º,,,,
wchoose_block_5,"<h4>News Trading Allowed</h4>
                                            <div class=""desc"">
                                                <p>At WMT, we believe in empowering traders. Trade the news freely and execute your strategy without any restrictions.</p>
                                            </div>",,"<h4>อนุญาตให้เทรดข่าว</h4>
                                            <div class=""desc"">
                                                <p>ที่ WMT เราเชื่อในการเสริมพลังให้กับเทรดเดอร์ คุณสามารถเทรดตามข่าวได้อย่างอิสระและดำเนินกลยุทธ์ของคุณได้โดยไม่มีข้อจำกัด</p>
                                            </div>","<h4>ニューストレード可能</h4>
                                            <div class=""desc"">
                                                <p>WMTではプロップトレーダーの裁量を最大限に尊重します。経済指標発表や重要イベント時のニューストレードも一切制限なく実行できます。</p>
                                            </div>","<h4>Trading de noticias permitido</h4>
                                            <div class=""desc"">
                                                <p>En WMT creemos en empoderar a los traders. Opera las noticias libremente y ejecuta tu estrategia sin ninguna restricción.</p>
                                            </div>","<h4>News Trading Diizinkan</h4>
                                            <div class=""desc"">
                                                <p>Di WMT, kami percaya dalam memberdayakan trader. Trade berita dengan bebas dan jalankan strategi Anda tanpa batasan apa pun.</p>
                                            </div>","<h4>អនុញ្ញាតឱ្យជួញដូរព័ត៌មាន</h4>
                                            <div class=""desc"">
                                                <p>នៅ WMT យើងជឿជាក់ក្នុងការផ្តល់អំណាចដល់អ្នកជួញដូរ។ អ្នកអាចជួញដូរតាមព័ត៌មានបានដោយសេរី និងអនុវត្តយុទ្ធសាស្ត្ររបស់អ្នកដោយគ្មានការកំណត់ណាមួយ។</p>
                                            </div>",,"<h4>নিউজ ট্রেডিং অনুমোদিত</h4>
                                            <div class=""desc"">
                                                <p>WMT-তে আমরা ট্রেডারদের ক্ষমতায়নে বিশ্বাস করি। আপনি স্বাধীনভাবে নিউজ ট্রেড করতে পারেন এবং কোনো সীমাবদ্ধতা ছাড়াই আপনার কৌশল কার্যকর করতে পারেন।</p>
                                            </div>","<h4>允许新闻交易</h4>
                                            <div class=""desc"">
                                                <p>在 WMT，我们相信赋能交易者。您可以自由地根据新闻进行交易，并在没有任何限制的情况下执行您的策略。</p>
                                            </div>","<h4>允許新聞交易</h4>
                                            <div class=""desc"">
                                                <p>在 WMT，我們相信賦能交易者。您可以自由地進行新聞交易，並在沒有任何限制的情況下執行您的策略。</p>
                                            </div>","<h4>Haber Tradingine İzin Verilir</h4>
                                            <div class=""desc"">
                                                <p>WMT’de traderları güçlendirmeye inanıyoruz. Haberleri özgürce trade edebilir ve stratejinizi hiçbir kısıtlama olmadan uygulayabilirsiniz.</p>
                                            </div>","<h4>Trading sur les actualités autorisé</h4>
                                            <div class=""desc"">
                                                <p>Chez WMT, nous croyons en l’autonomisation des traders. Tradez les actualités librement et exécutez votre stratégie sans aucune restriction.</p>
                                            </div>","<h4>Разрешена торговля на новостях</h4>
                                            <div class=""desc"">
                                                <p>В WMT мы верим в расширение возможностей трейдеров. Торгуйте на новостях свободно и реализуйте свою стратегию без каких-либо ограничений.</p>
                                            </div>","<h4>뉴스 트레이딩 허용</h4>
                                            <div class=""desc"">
                                                <p>WMT는 트레이더의 역량을 강화하는 것을 중요하게 생각합니다. 뉴스 트레이딩을 자유롭게 진행하고 어떤 제한 없이 전략을 실행할 수 있습니다.</p>
                                            </div>","<h4>معامله بر اساس اخبار مجاز است</h4>
                                            <div class=""desc"">
                                                <p>در WMT ما به توانمندسازی معامله‌گران باور داریم. شما می‌توانید آزادانه بر اساس اخبار معامله کنید و استراتژی خود را بدون هیچ محدودیتی اجرا نمایید.</p>
                                            </div>","<h4>Trading de notícias permitido</h4>
                                            <div class=""desc"">
                                                <p>Na WMT, acreditamos em capacitar os traders. Negocie notícias livremente e execute sua estratégia sem qualquer restrição.</p>
                                            </div>","<h3 class=""h4"">News Trading Permitido</h3>
                                            <div class=""desc"">
                                                <p>En WeMasterTrade impulsamos la libertad operativa. <br>Opera noticias libremente y ejecuta tu estrategia sin restricciones.</p>
                                            </div>",,,,
wchoose_block_6,3rd,,อันดับ 3,第3,3.º,3.,ទី៣,,৩য়,第3,第3,3.,3e,3-й,3위,سوم,3º,3.º,,,,
wchoose_block_7,"<h4>Wide Range of Simulated Symbols</h4>
                                            <div class=""desc"">
                                                <p>Explore a rich portfolio of assets.</p>
                                            </div>",,"<h4>สัญลักษณ์จำลองที่หลากหลาย</h4>
                                            <div class=""desc"">
                                                <p>สำรวจพอร์ตสินทรัพย์ที่หลากหลาย</p>
                                            </div>","<h4>豊富なシミュレーション銘柄</h4>
                                            <div class=""desc"">
                                                <p>外国為替（FX）、株価指数、金属、コモディティ、株式など多様な資産クラスをカバーする豊富なポートフォリオを探索しましょう。</p>
                                            </div>","<h4>Amplia gama de símbolos simulados</h4>
                                            <div class=""desc"">
                                                <p>Explora una rica cartera de activos.</p>
                                            </div>","<h4>Beragam simbol trading simulasi</h4>
                                            <div class=""desc"">
                                                <p>Jelajahi portofolio aset yang kaya.</p>
                                            </div>","<h4>ជម្រើសសញ្ញាជួញដូរច្រើន</h4>
                                            <div class=""desc"">
                                                <p>ស្វែងរកបណ្ដុំទ្រព្យសម្បត្តិដ៏សម្បូរបែប។</p>
                                            </div>",,"<h4>বিস্তৃত সিমুলেটেড সিম্বল</h4>
                                            <div class=""desc"">
                                                <p>বিভিন্ন সম্পদের সমৃদ্ধ পোর্টফোলিও অন্বেষণ করুন।</p>
                                            </div>","<h4>丰富的模拟交易品种</h4>
                                            <div class=""desc"">
                                                <p>探索丰富的资产组合。</p>
                                            </div>","<h4>多樣化模擬交易品種</h4>
                                            <div class=""desc"">
                                                <p>探索豐富的資產組合。</p>
                                            </div>","<h4>Geniş Simüle Edilmiş Sembol Yelpazesi</h4>
                                            <div class=""desc"">
                                                <p>Zengin bir varlık portföyünü keşfedin.</p>
                                            </div>","<h4>Large gamme de symboles simulés</h4>
                                            <div class=""desc"">
                                                <p>Explorez un riche portefeuille d’actifs.</p>
                                            </div>","<h4>Широкий выбор симулированных инструментов</h4>
                                            <div class=""desc"">
                                                <p>Изучите богатый портфель активов.</p>
                                            </div>","<h4>다양한 시뮬레이션 심볼</h4>
                                            <div class=""desc"">
                                                <p>풍부한 자산 포트폴리오를 탐색해 보세요.</p>
                                            </div>","<h4>طیف گسترده‌ای از نمادهای شبیه‌سازی‌شده</h4>
                                            <div class=""desc"">
                                                <p>یک سبد دارایی متنوع را کاوش کنید.</p>
                                            </div>","<h4>Ampla variedade de símbolos simulados</h4>
                                            <div class=""desc"">
                                                <p>Explore um rico portfólio de ativos.</p>
                                            </div>","<h3 class=""h4"">Amplia Gama de Símbolos Simulados</h3>
                                            <div class=""desc"">
                                                <p>Accede a un portafolio amplio de activos simulados y diversifica tus oportunidades de trading.</p>
                                            </div>",,,,
wchoose_block_8,4th,,อันดับ 4,第4,4.º,4.,ទី៤,,৪র্থ,第4,第4,4.,4e,4-й,4위,چهارم,4º,4.º,,,,
wchoose_block_9,"<h4>30% Reward Share in Challenge Phase</h4><div class=""desc""><p>WeMasterTrade stands out as a trading evaluation platform offering a 30% reward share based on performance achieved during the Challenge Phase.</p></div>",,"<h4>แบ่งรางวัล 30% ในช่วง Challenge</h4><div class=""desc""><p>WeMasterTrade เป็นแพลตฟอร์มประเมินการเทรดที่มอบการแบ่งรางวัลสูงสุด 30% ตามผลการดำเนินงานในช่วง Challenge</p></div>","<h4>チャレンジフェーズから最大30%の報酬シェア</h4><div class=""desc""><p>WeMasterTradeは、チャレンジフェーズのパフォーマンスに基づき最大30%の報酬シェアを提供する日本唯一のプロップトレーディングプラットフォームです。評価段階から収益を得始めることができます。</p></div>","<h4>30% de Reparto de Recompensas en la Fase de Desafío</h4><div class=""desc""><p>WeMasterTrade es una plataforma de evaluación de trading que ofrece hasta un 30% de reparto de recompensas basado en el rendimiento durante la fase de desafío.</p></div>",,"<h4>ចែករំលែករង្វាន់ 30% នៅវគ្គ Challenge</h4><div class=""desc""><p>WeMasterTrade គឺជាវេទិកាវាយតម្លៃការជួញដូរ ដែលផ្តល់ការចែករំលែករង្វាន់រហូតដល់ 30% ផ្អែកលើការអនុវត្តក្នុងវគ្គ Challenge។</p></div>",,"<h4>চ্যালেঞ্জ পর্যায়ে ৩০% রিওয়ার্ড শেয়ার</h4><div class=""desc""><p>WeMasterTrade একটি ট্রেডিং মূল্যায়ন প্ল্যাটফর্ম যা চ্যালেঞ্জ পর্যায়ে অর্জিত পারফরম্যান্সের ভিত্তিতে সর্বোচ্চ ৩০% রিওয়ার্ড শেয়ার প্রদান করে।</p></div>","<h4>挑战阶段 30% 奖励分成</h4><div class=""desc""><p>WeMasterTrade 是一个交易评估平台，根据用户在挑战阶段的表现，提供最高 30% 的奖励分成。</p></div>","<h4>挑戰階段最高30%獎勵分成</h4><div class=""desc""><p>WeMasterTrade是一個交易評估平台，根據用戶在挑戰階段的表現，提供最高30%的獎勵分成。</p></div>","<h4>Challenge Aşamasında %30 Ödül Payı</h4><div class=""desc""><p>WeMasterTrade, Challenge aşamasında elde edilen performansa göre %30'a kadar ödül paylaşımı sunan bir işlem değerlendirme platformudur.</p></div>","<h4>Partage de Récompense de 30% en Phase de Challenge</h4><div class=""desc""><p>WeMasterTrade est une plateforme d’évaluation de trading offrant jusqu’à 30 % de partage de récompense basé sur la performance durant la phase de challenge.</p></div>","<h4>30% Распределение Вознаграждения на Этапе Challenge</h4><div class=""desc""><p>WeMasterTrade — это платформа оценки трейдинга, предлагающая до 30% распределения вознаграждения на основе результатов, достигнутых на этапе Challenge.</p></div>","<h4>챌린지 단계 최대 30% 리워드 쉐어</h4><div class=""desc""><p>WeMasterTrade는 챌린지 단계에서의 성과를 기반으로 최대 30%의 리워드 쉐어를 제공하는 트레이딩 평가 플랫폼입니다.</p></div>","<h4>۳۰٪ سهم پاداش در مرحله چالش</h4><div class=""desc""><p>WeMasterTrade یک پلتفرم ارزیابی معاملات است که بر اساس عملکرد در مرحله چالش، تا ۳۰٪ سهم پاداش ارائه می‌دهد.</p></div>","<h4>30% de Participação em Recompensas na Fase de Desafio</h4><div class=""desc""><p>WeMasterTrade é uma plataforma de avaliação de trading que oferece até 30% de participação em recompensas com base no desempenho durante a fase de desafio.</p></div>",,,,,
whyus_block_0,Why Us,,ทำไมต้องเลือกเรา,なぜ私たちなのか,Por qué nosotros,Mengapa Kami,ហេតុអ្វីជ្រើសរើសយើង,Bakit Kami,কেন আমাদের,为什么选择我们,為什麼選擇我們,Neden Biz,Pourquoi nous,Почему мы,왜 우리인가,چرا ما,Por que nós,Por qué nosotros,,,,
whyus_block_1,"<h3><span>Why Use WMT Capital </span><br class=""pc"">Instead of Your Own Money</h3>",,"<h3><span>ทำไมต้องใช้เงินทุน WMT </span><br class=""pc"">แทนที่จะเป็นเงินของคุณเอง</h3>","<h2 class=""h3"">日本のプロップトレーディングに<br class=""pc""><span>WeMasterTradeを選ぶ理由</span></h2><p>自己資金を使わずにプロップファームの資金で取引できるプラットフォーム</p>","<h3><span>Por qué utilizar WMT Capital </span><br class=""pc"">En lugar de tu propio dinero</h3>","<h3><span>Mengapa Menggunakan Modal WMT, </span><br class=""pc"">Bukan Modal Sendiri?</h3>","<h3><span>ហេតុអ្វីត្រូវប្រើដើមទុន WMT </span><br class=""pc"">ជំនួសឱ្យលុយផ្ទាល់ខ្លួនរបស់អ្នក</h3>",,"<h3><span>নিজস্ব ট্রেডিং অ্যাকাউন্টের পরিবর্তে কেন WMT </span><br class=""pc"">ক্যাপিটাল বাংলাদেশী ট্রেডারদের পছন্দ</h3>","<h3><span>为何使用 WMT 资本 </span><br class=""pc"">而不是你自己的钱</h3>","<h3><span>為何選擇 WMT資金</span><br class=""pc"">而非自有資金</h3>","<h3><span>Neden WMT Capital'i Kullanmalı? </span><br class=""pc"">Kendi Paranız Yerine</h3>","<h3><span>Pourquoi utiliser WMT Capital </span><br class=""pc"">Au lieu de votre propre argent</h3>","<h3><span>Почему стоит использовать </span><br class=""pc"">вместо собственных денег</h3>","<h3><span>왜 WMT 자금을 써야 할까요? </span><br class=""pc"">직접 투자보다 더 안전하고 똑똑한 선택</h3>","<h3><span>را به جای پول خودتان از WMT Capital </span><br class=""pc"">استفاده نمکنید؟</h3>","<h3><span>Por que Usar o Capital da WMT </span><br class=""pc"">em Vez do Seu Próprio Dinheiro</h3>","<h2 class=""h3""><span>¿Por qué elegir WeMasterTrade para tu Prop Trading en Perú? </span><br class=""pc"">Plataforma de trading con capital para operar sin arriesgar tu capital</h3>","<h3><span>¿Por qué elegir WeMasterTrade? </span><br class=""pc"">Plataforma de trading con capital para operar, sin arriesgar tus ahorros</h3>",,,
whyus_block_2,Save,,ประหยัด,即時資金提供,Ahorrar,Hemat Waktu dan Biaya,សន្សំពេលវេលា,Cost Savings,জমান,节省,節省時間,Kaydetmek,Sauvegarder,Экономия,절약하세요,خیره کنید,Economia,Acceso inmediato,Acceso inmediato,,Time and Capital,
whyus_block_3,"If it takes at least 12 months to save $10,000 for a trading account, why not join WMT where we fund you instantly from $10,000 up to $200,000?",,"หากต้องใช้เวลาอย่างน้อย 12 เดือนในการเก็บเงิน $10,000 เพื่อเริ่มเทรด ทำไมไม่เข้าร่วมกับ WMT ที่เราสามารถจัดสรรเงินทุนให้คุณได้ทันทีตั้งแต่ $10,000 จนถึง $200,000","日本で外国為替やデリバティブ取引のために$10,000を貯めるには1年以上かかる場合があります。WeMasterTradeなら$10,000から最大$200,000まで即時にプロップトレーディング資金を提供します。日本最速のファンデッドアカウント取得を実現します。","Si te toma al menos 12 meses ahorrar $10,000 para operar, ¿por qué no unirte a WMT donde te financiamos al instante desde $10,000 hasta $200,000","Jika Anda membutuhkan setidaknya 12 bulan untuk menabung $10.000 untuk trading, mengapa tidak bergabung dengan WMT yang dapat memberikan Anda pendanaan instan dari $10.000 hingga $200.000","បើអ្នកត្រូវការយ៉ាងហោចណាស់ 12 ខែដើម្បីសន្សំបាន $10,000 សម្រាប់ការជួញដូរ ហេតុអ្វីមិនចូលរួមជាមួយ WMT ដែលអាចផ្តល់មូលនិធិឱ្យអ្នកភ្លាមៗចាប់ពី $10,000 ដល់ $200,000",,"যদি ট্রেডিং শুরু করতে $10,000 সঞ্চয় করতে আপনার অন্তত 12 মাস লাগে, তাহলে কেন WMT-তে যোগ দেবেন না, যেখানে আমরা আপনাকে $10,000 থেকে $200,000 পর্যন্ত তাৎক্ষণিকভাবে ফান্ডিং দিই","如果您至少需要12个月才能存到1万美元用于交易，为什么不加入WMT，我们可以立即为您提供从10,000美元到200,000美元的资金","如果您需要至少12個月才能存到1萬美元開始交易，為何不加入WMT？我們可即時為您提供從10,000美元到200,000美元的資金","Bir işlem hesabı için en az 10.000$ biriktirmenin 12 ay sürdüğünü düşünürsek, neden WMT’ye katılmıyorsunuz? Size anında 10.000$’dan 200.000$’a kadar sermaye sağlıyoruz","S’il vous faut au moins 12 mois pour économiser 10 000 $, pourquoi ne pas rejoindre WMT où nous pouvons vous fournir instantanément des fonds de 10 000 $ jusqu’à 200 000 $","Если вам требуется не менее 12 месяцев, чтобы накопить $10,000 для торговли, почему бы не присоединиться к WMT, где мы можем предоставить вам финансирование мгновенно от $10,000 до $200,000","트레이딩 자금 $10,000을 모으는 데 최소 12개월이 걸린다면, 왜 WMT에 참여하지 않으시나요? 우리는 $10,000부터 최대 $200,000까지 즉시 자금을 지원합니다","اگر حداقل 12 ماه زمان لازم است تا 10,000 دلار برای معامله پس‌انداز کنید، چرا به WMT نمی‌پیوندید که می‌تواند فوراً از 10,000 تا 200,000 دلار به شما سرمایه ارائه دهد","Se você precisa de pelo menos 12 meses para economizar $10.000 para operar, por que não se juntar à WMT, onde oferecemos financiamento instantâneo de $10.000 até $200.000",,,,,
whyus_block_4,Capital,,เงินทุน,大きな購買力,,Modal Besar,ដើមទុន,Enhanced Capital Access,পুঁজি,资金,增加資本,Başkent,Capitale,Капитал,자본,رمایه,,Riesgo controlado,Mayor poder de compra,,Enhanced Trading Capital,
whyus_block_5,"We remove this concern by allowing you to have a customization trading account size for a better returns. Thanks to our liquidity providers, we can leverage you with buying power from $1 million USD to $100 million USD.",,เราขจัดความกังวลนี้โดยให้คุณสามารถกำหนดขนาดบัญชีเทรดได้ตามต้องการ เพื่อเพิ่มผลตอบแทนที่ดียิ่งขึ้น ด้วยผู้ให้บริการสภาพคล่องของเรา เราสามารถมอบกำลังซื้อให้คุณตั้งแต่ $1 ล้าน ถึง $100 ล้านดอลลาร์สหรัฐ,当社の流動性プロバイダーにより、$100万から$1億の購買力にアクセスできます。より良いリターンを目指すプロップトレーダーに最適な環境を提供します。,"Eliminamos esta preocupación permitiéndole tener un tamaño de cuenta comercial personalizado para obtener mejores rendimientos. Gracias a nuestros proveedores de liquidez, podemos brindarle un poder adquisitivo desde $1 millón de dólares hasta $100 millones de dólares.","Kami menghilangkan keterbatasan modal dengan menyediakan akun trading yang dapat disesuaikan untuk hasil yang lebih optimal. Berkat dukungan penyedia likuiditas kami, Anda dapat memiliki daya beli mulai dari $1 juta USD hingga $100 juta USD.",យើងខ្ញុំលុបបំបាត់កង្វល់នេះដោយអនុញ្ញាតឱ្យអ្នកមានគណនីជួញដូរតាមតម្រូវការដើម្បីមានប្រាក់ចំណេញកាន់តែប្រសើរ។ អាស្រ័យអ្នកផ្តល់សាច់ប្រាក់ងាយស្រួលរបស់យើងខ្ញុំ យើងខ្ញុំអាចបង្កើនកម្លាំងទិញពី 1 លានដុល្លារទៅ 100 លានដុល្លារ។,"We eliminate the common barrier of insufficient capital by empowering you with a robust, customizable trading account size. This is designed for superior profit generation for Philippine traders. Leveraging our established relationships with prime liquidity providers, we can extend your buying power significantly, from $1 million USD to $100 million USD.","এই চিন্তা দূর করতে আমরা দিই পরিবর্তনযোগ্য একাউন্ট সাইজ, যেখানে আপনি পান আরো বেশী লাভের সুযোগ। আমাদের  লিকুইডিটি প্রদানকারীদের কারণে আমরা দিয়ে থাকি $১ মিলিয়ন থেকে $১০০ মিলিয়ন ডলারের লিভারেজ ক্ষমতা।",我们通过允许您自定义交易账户规模来消除这一顾虑，从而获得更好的回报。得益于我们的流动性提供商，我们可以为您提供从100万美元到1亿美元的购买力。,我們透過客製化交易帳戶規模消除您的顧慮，協助實現更優收益。依托流動性提供者支持，我們可為您提供100萬至1億美元美金的購買力槓桿。,Daha iyi getiriler elde etmeniz için işlem hesabı büyüklüğünü özelleştirmenize izin vererek bu endişeyi ortadan kaldırıyoruz. Likidite sağlayıcılarımız sayesinde size 1 milyon USD ile 100 milyon USD arasında alım gücü sunabiliyoruz.,"Nous supprimons ce problème en vous permettant de personnaliser la taille du compte de trading pour de meilleurs rendements. Grâce à nos fournisseurs de liquidités, nous pouvons vous offrir un pouvoir d'achat allant de 1 million de dollars à 100 millions de dollars.","Мы устраняем эту проблему, позволяя вам настраивать размер торгового счета для лучшей прибыли. Благодаря нашим поставщикам ликвидности мы можем предоставить вам покупательную способность от 1 миллиона до 100 миллионов долларов США.",더 높은 수익을 위해 거래 계좌 규모를 맞춤 설정할 수 있도록 하여 이러한 우려를 해소합니다. 당사의 유동성 공급자를 통해 100만 달러부터 1억 달러까지의 매수력을 제공할 수 있습니다.,ما این نگرانی را با فراهم کردن امکان شخصی‌سازی اندازه حساب معاملاتی برای بازدهی بهتر، برطرف می‌کنیم. به لطف ارائه‌دهندگان نقدینگی ما، می‌توانیم با قدرت خرید از ۱ میلیون دلار آمریکا تا ۱۰۰ میلیون دلار آمریکا، به شما کمک کنیم.,"Eliminamos essa preocupação ao permitir que você tenha uma conta de negociação personalizada para obter melhores retornos. Graças aos nossos provedores de liquidez, podemos oferecer alavancagem com poder de compra de US$ 1 milhão até US$ 100 milhões.","Operas bajo reglas de riesgo definidas.<br> WeMasterTrade asume el capital virtual, permitiéndote operar con mayor tranquilidad.","Gracias a nuestros proveedores de liquidez, puedes acceder a cuentas con poder adquisitivo desde 1 millón hasta 100 millones de USD.",,,We provide customised simulated account sizes designed to reflect professional proprietary trading conditions. This supports virtual stock trading and stock market virtual trading without risking personal savings.
whyus_block_6,Risk of Loss,,ความเสี่ยงจากการขาดทุน,リスク管理の安心感,Riesgo de pérdida,Risiko Kerugian Ditanggung,ហានិភ័យនៃការបាត់បង់,Mitigated Risk,লোকসান ঝুঁকি,损失风险,降低損失風險,Kaybetme riski,Risque de perte,Риск убытков,손실 위험,خطر از دست دادن<,Risco de Perda,Mayor poder de compra,Riesgo controlado,,Protected Risk Management,
whyus_block_7,"A lot of traders save a lot of money in a long period, trading with own fund can potentially lead to huge loss and un-recover. With WeMasterTrade, your potential losses are covered by us so you can have peace in mind while trading.",,เทรดเดอร์หลายคนใช้เวลานานในการเก็บเงินจำนวนมาก การเทรดด้วยเงินทุนของตัวเองอาจนำไปสู่การขาดทุนอย่างหนักและไม่สามารถกู้คืนได้ แต่กับ WeMasterTrade เราคุ้มครองการขาดทุนของคุณ ทำให้คุณสามารถเทรดได้อย่างสบายใจ,多くの日本のトレーダーは長年かけて自己資金を蓄えます。WeMasterTradeのプロップファームモデルでは、当社が潜在的な損失をカバーするため、自己資金を失う心配なく取引戦略に集中できます。,"Muchos comerciantes ahorran mucho dinero durante un largo período, operar con fondos propios puede generar enormes pérdidas y no recuperarse. Con WeMasterTrade, cubrimos sus pérdidas potenciales para que pueda tener tranquilidad mientras opera.","Banyak trader menghabiskan waktu bertahun-tahun untuk menabung, namun trading dengan dana sendiri berpotensi mengakibatkan kerugian besar yang sulit dipulihkan. Dengan WeMasterTrade, potensi kerugian Anda ditanggung oleh kami, sehingga Anda dapat trading dengan tenang.",ពាណិជ្ជករជាច្រើនសន្សំប្រាក់បានច្រើនក្នុងរយៈពេលវែង ការជួញដូរជាមួយនឹងប្រាក់ផ្ទាល់ខ្លួនរបស់អ្នកអាចនាំទៅរកការខាតបង់ដ៏ធំ និងមិនអាចយកមកវិញបាន។ ជាមួយនឹង WeMasterTrade យើងនឹងគ្របដណ្តប់ការខាតបង់ដែលអាចកើតមានរបស់អ្នក ដូច្នេះអ្នកអាចធ្វើពាណិជ្ជកម្មដោយស្ងប់ចិត្ត,"Many dedicated Philippine trading enthusiasts inadvertently deplete their personal savings over time. Engaging in trading with your own money inherently carries substantial risk. This can potentially lead to significant and irrecoverable losses. With WeMasterTrade, your exposure is managed; any potential trading losses are borne by us, allowing you to trade with ultimate peace of mind.",অসংখ্য ট্রেডারদের পর্যাপ্ত অর্থ জমাতে লেগে যাচ্ছে দীর্ঘ সময়। এছাড়া নিজস্ব পুঁজিতে বিনিয়োগ ডেকে আনতে পারে বিশাল এবং অপূরণীয় ক্ষতি। WeMasterTrade এ আমরা আপনার সম্ভাব্য ঝুঁকি বহন করি। যাতে আপনার ট্রেডিং হয় নিশ্চিন্ত।,许多交易者长期存下大量资金，用自有资金进行交易可能会导致巨额损失且无法挽回。 通过WeMasterTrade，您的潜在损失将由我们承担，因此您在交易时可以安心无忧。,許多交易者需要長時間累積自己的資金，以自有資金交易可能會導致巨大且難以挽回的損失。在 WeMasterTrade，您的潛在損失將由我們承擔，讓您可以安心交易。,"Birçok yatırımcı uzun vadede çok para biriktirir, kendi fonlarıyla işlem yapmak potansiyel olarak büyük kayıplara ve toparlanamamaya yol açabilir. WeMasterTrade ile olası zararlarınız tarafımızdan karşılanır, böylece işlem yaparken içiniz rahat olur.","De nombreux traders économisent beaucoup d'argent sur une longue période, le trading avec leurs fonds propres peut potentiellement entraîner d'énormes pertes et une non-récupération. Avec WeMasterTrade, vos pertes potentielles sont couvertes par nous afin que vous puissiez avoir l'esprit tranquille pendant vos transactions.","Торговля собственными средствами может привести к значительным невозвратным убыткам. С WeMasterTrade многие трейдеры экономят значительные суммы в течение длительного периода. Мы покрываем ваши потенциальные убытки, поэтому вы можете быть спокойны во время торговли.",많은 트레이더들은 오랜 기간 동안 자신의 자금을 모읍니다. 개인 자금으로 거래할 경우 큰 손실이 발생하고 회복이 어려울 수 있습니다. WeMasterTrade에서는 잠재적인 손실을 당사가 보전하여 안심하고 거래할 수 있도록 합니다.,سیاری از معامله‌گران در درازمدت پول زیادی پس‌انداز می‌کنند، معامله با سرمایه شخصی می‌تواند به طور بالقوه منجر به ضرر هنگفت و عدم بازیابی شود. با WeMasterTrade، ضررهای احتمالی شما توسط ما پوشش داده می‌شود، بنابراین می‌توانید هنگام معامله آرامش خاطر داشته باشید.,"Muitos traders economizam grandes quantias ao longo de anos, mas negociar com capital próprio pode resultar em perdas enormes e, muitas vezes, irrecuperáveis. Com a WeMasterTrade, suas potenciais perdas são cobertas por nós, proporcionando tranquilidade para que você opere com confiança.","Gracias a nuestros proveedores de liquidez, puedes acceder a cuentas con mayor poder adquisitivo, ampliando tu capacidad operativa.",En WeMasterTrade cubrimos tus pérdidas potenciales para que puedas operar con mayor tranquilidad.,,"Many Indian traders save for years only to face devastating losses in stock market trading. With WeMasterTrade's prop firm trading model, your potential losses are covered by us. Focus on your intraday trading strategies and forex trading platform skills without the fear of losing your life savings. This is what makes us one of the best prop firms for Indian traders.","Trading with personal money can increase financial pressure and emotional risk. WeMasterTrade uses virtual trading environments with defined limits, allowing traders to operate using virtual capital in a controlled setting."
whyus_block_8,Account Setup,,การตั้งค่าบัญชี,簡単スタート,Configuracion de cuenta,Pengaturan Akun Muda,ការដំឡើងគណនី,Seamless Account Setup,একাউন্ট গঠন,账户设置,帳戶設定,Hesap Kurulumu,Configuration du compte,Настройка счета,계좌 설정,نحوه عملکرد بسته چالش,Configuração da conta,Fácil inicio,,,Account Setup,
whyus_block_9,"We handle all the technology and account setup for you. All you need is to pay a set up fee, one click for online contract and then start trade right away.",,เราจัดการเทคโนโลยีและการตั้งค่าบัญชีทั้งหมดให้กับคุณ สิ่งที่คุณต้องทำคือชำระค่าธรรมเนียมการตั้งค่า เพียงคลิกเดียวสำหรับสัญญาออนไลน์ จากนั้นเริ่มการซื้อขายได้ทันที,複雑な書類手続きや長い審査は不要です。セットアップ料金を支払い、オンライン契約に同意するだけで、すぐにプロップトレーディングを開始できます。,"Nos encargamos de toda la tecnología y la configuración de la cuenta por usted. Todo lo que necesita es pagar una tarifa de instalación, un clic para contratar en línea y luego comenzar a operar de inmediato.","Kami menangani seluruh aspek teknologi dan pengaturan akun untuk Anda. Yang Anda perlukan hanyalah membayar biaya setup, menandatangani kontrak secara online, dan langsung mulai trading.",យើងខ្ញុំដោះស្រាយរាល់បច្ចេកវិទ្យា និងការរៀបចំគណនីសម្រាប់អ្នក។ អ្វីដែលអ្នកត្រូវធ្វើគឺបង់ថ្លៃរៀបចំ ដោយចុចមួយដងដើម្បីទទួលបានកិច្ចសន្យារបស់អ្នកតាមអនឡាញ ហើយបន្ទាប់មកចាប់ផ្តើមការជួញដូរភ្លាមៗ។,"Forget the technical headaches and complex setup procedures. We manage all the necessary technology and account configuration for you. Your journey begins with a minimal setup payment, a quick online agreement, and then you're ready to commence live trading immediately.",একাউন্ট গঠন এবং ট্রেডিং প্রযুক্তির পুরোটাই আমরা সামলাই আপনার হয়ে। শুধুমাত্র একটি সেট আপ ফি পরিশোধ এবং এক ক্লিকে চুক্তি সই করেই আপনি কাজ শুরু করে দিতে পারেন।,我们为您处理所有技术和帐户设置。 您只需支付一笔设置费，一键在线签订合同，然后立即开始交易。,我們全面負責帳戶設置，您支付配置設定費、一鍵簽署電子簽名即可立即開始交易。,"Tüm teknoloji ve hesap kurulumunu sizin için biz hallediyoruz. Tek yapmanız gereken bir kurulum ücreti ödemek, sözleşmeyi çevrimiçi tek tıklamayla onaylamak ve hemen işlem yapmaya başlamaktır.","Nous gérons toute la technologie et la configuration du compte pour vous. Tout ce dont vous avez besoin est de payer des frais d'installation, d'un seul clic pour conclure un contrat en ligne, puis de commencer immédiatement à négocier.","Мы берем на себя все технические аспекты и настройку счета. Все, что вам нужно сделать - это заплатить регистрационный сбор, заключить онлайн-контракт в один клик, и вы сразу можете начать торговать.",모든 기술과 계정 설정은 저희가 처리합니다. 설정 수수료를 지불하고 온라인 계약에 한 번 클릭으로 동의하면 바로 거래를 시작할 수 있습니다.,ا تمام فناوری و راه‌اندازی حساب را برای شما مدیریت می‌کنیم. تنها کاری که باید انجام دهید، پرداخت هزینه راه‌اندازی، یک کلیک برای قرارداد آنلاین و سپس شروع معامله بلافاصله است,"Nós cuidamos de toda a parte tecnológica e da configuração da sua conta. Tudo o que você precisa fazer é pagar uma taxa de ativação, assinar o contrato online com um clique e começar a negociar imediatamente.","Pagas una tarifa de instalación, completas tu registro online y empiezas a operar de inmediato.<br> Nosotros gestionamos toda la tecnología y configuración.","Solo pagas una tarifa de instalación, completas tu registro en línea y comienzas a operar de inmediato. Nosotros nos encargamos de toda la tecnología y configuración.",,"Forget complicated documentation and lengthy onboarding with traditional stock broker platforms. We handle all technology and account setup. Pay a one-time setup fee, sign the online contract, and start trading immediately - just like a demo trading account, but with real profit potential.","We handle the technology and account setup process. After registration and a one-time setup fee, traders can begin trading under clear rules within a structured prop trading firm framework."